,country,year,"Life expectancy at birth, female (years)","Life expectancy at birth, male (years)"
0,AFG,2021,,
1,AFG,2020,66.744,63.708
2,AFG,2019,66.388,63.382
3,AFG,2018,66.026,63.047
4,AFG,2017,65.656,62.701
5,AFG,2016,65.275,62.343
6,AFG,2015,64.877,61.965
7,AFG,2014,64.453,61.563
8,AFG,2013,63.999,61.133
9,AFG,2012,63.514,60.675
10,AFG,2011,63.0,60.19
11,AFG,2010,62.459,59.683
12,AFG,2009,61.898,59.159
13,AFG,2008,61.326,58.626
14,AFG,2007,60.751,58.092
15,AFG,2006,60.183,57.562
16,AFG,2005,59.628,57.044
17,AFG,2004,59.093,56.542
18,AFG,2003,58.578,56.056
19,AFG,2002,58.08,55.583
20,AFG,2001,57.596,55.119
21,AFG,2000,57.12,54.663
22,AFG,1999,56.645,54.21
23,AFG,1998,56.162,53.753
24,AFG,1997,55.663,53.285
25,AFG,1996,55.141,52.798
26,AFG,1995,54.592,52.287
27,AFG,1994,54.012,51.746
28,AFG,1993,53.405,51.172
29,AFG,1992,52.774,50.57
30,AFG,1991,52.119,49.938
31,AFG,1990,51.442,49.281
32,AFG,1989,50.742,48.601
33,AFG,1988,50.023,47.906
34,AFG,1987,49.29,47.204
35,AFG,1986,48.55,46.499
36,AFG,1985,47.807,45.796
37,AFG,1984,47.066,45.097
38,AFG,1983,46.331,44.403
39,AFG,1982,45.607,43.715
40,AFG,1981,44.899,43.037
41,AFG,1980,44.209,42.372
42,AFG,1979,43.541,41.723
43,AFG,1978,42.894,41.09
44,AFG,1977,42.265,40.473
45,AFG,1976,41.656,39.874
46,AFG,1975,41.064,39.293
47,AFG,1974,40.49,38.729
48,AFG,1973,39.931,38.18
49,AFG,1972,39.385,37.644
50,AFG,1971,38.851,37.12
51,AFG,1970,38.327,36.607
52,AFG,1969,37.815,36.106
53,AFG,1968,37.314,35.615
54,AFG,1967,36.823,35.133
55,AFG,1966,36.338,34.656
56,AFG,1965,35.853,34.18
57,AFG,1964,35.364,33.7
58,AFG,1963,34.866,33.216
59,AFG,1962,34.359,32.724
60,AFG,1961,33.84,32.224
61,AFG,1960,33.314,31.718
62,IND,2021,,
63,IND,2020,71.202,68.678
64,IND,2019,70.95,68.464
65,IND,2018,70.692,68.239
66,IND,2017,70.425,68.0
67,IND,2016,70.142,67.745
68,IND,2015,69.835,67.468
69,IND,2014,69.491,67.167
70,IND,2013,69.106,66.84
71,IND,2012,68.68,66.488
72,IND,2011,68.218,66.115
73,IND,2010,67.73,65.723
74,IND,2009,67.231,65.32
75,IND,2008,66.735,64.91
76,IND,2007,66.253,64.499
77,IND,2006,65.793,64.091
78,IND,2005,65.357,63.689
79,IND,2004,64.943,63.293
80,IND,2003,64.543,62.902
81,IND,2002,64.145,62.511
82,IND,2001,63.745,62.121
83,IND,2000,63.334,61.729
84,IND,1999,62.906,61.335
85,IND,1998,62.46,60.936
86,IND,1997,61.992,60.531
87,IND,1996,61.503,60.121
88,IND,1995,60.991,59.703
89,IND,1994,60.454,59.277
90,IND,1993,59.9,58.843
91,IND,1992,59.337,58.405
92,IND,1991,58.774,57.967
93,IND,1990,58.226,57.536
94,IND,1989,57.707,57.122
95,IND,1988,57.226,56.727
96,IND,1987,56.782,56.352
97,IND,1986,56.373,55.994
98,IND,1985,55.988,55.647
99,IND,1984,55.616,55.302
100,IND,1983,55.237,54.949
101,IND,1982,54.835,54.577
102,IND,1981,54.397,54.182
103,IND,1980,53.912,53.758
104,IND,1979,53.371,53.305
105,IND,1978,52.779,52.828
106,IND,1977,52.142,52.33
107,IND,1976,51.466,51.812
108,IND,1975,50.759,51.275
109,IND,1974,50.029,50.719
110,IND,1973,49.29,50.146
111,IND,1972,48.55,49.558
112,IND,1971,47.818,48.958
113,IND,1970,47.099,48.35
114,IND,1969,46.393,47.737
115,IND,1968,45.698,47.123
116,IND,1967,45.012,46.509
117,IND,1966,44.335,45.898
118,IND,1965,43.669,45.29
119,IND,1964,43.015,44.685
120,IND,1963,42.375,44.081
121,IND,1962,41.748,43.477
122,IND,1961,41.133,42.872
123,IND,1960,40.529,42.266
124,MYS,2021,,
125,MYS,2020,78.458,74.381
126,MYS,2019,78.317,74.234
127,MYS,2018,78.167,74.075
128,MYS,2017,78.008,73.903
129,MYS,2016,77.84,73.718
130,MYS,2015,77.663,73.521
131,MYS,2014,77.48,73.317
132,MYS,2013,77.293,73.109
133,MYS,2012,77.105,72.902
134,MYS,2011,76.918,72.698
135,MYS,2010,76.732,72.497
136,MYS,2009,76.549,72.299
137,MYS,2008,76.369,72.1
138,MYS,2007,76.188,71.901
139,MYS,2006,76.008,71.702
140,MYS,2005,75.824,71.505
141,MYS,2004,75.632,71.311
142,MYS,2003,75.43,71.122
143,MYS,2002,75.22,70.94
144,MYS,2001,75.003,70.765
145,MYS,2000,74.786,70.603
146,MYS,1999,74.575,70.456
147,MYS,1998,74.378,70.326
148,MYS,1997,74.195,70.208
149,MYS,1996,74.024,70.095
150,MYS,1995,73.86,69.977
151,MYS,1994,73.691,69.843
152,MYS,1993,73.51,69.682
153,MYS,1992,73.31,69.491
154,MYS,1991,73.09,69.268
155,MYS,1990,72.858,69.017
156,MYS,1989,72.624,68.747
157,MYS,1988,72.397,68.471
158,MYS,1987,72.183,68.195
159,MYS,1986,71.977,67.922
160,MYS,1985,71.773,67.649
161,MYS,1984,71.555,67.368
162,MYS,1983,71.312,67.072
163,MYS,1982,71.035,66.757
164,MYS,1981,70.722,66.426
165,MYS,1980,70.379,66.09
166,MYS,1979,70.013,65.761
167,MYS,1978,69.638,65.449
168,MYS,1977,69.261,65.159
169,MYS,1976,68.884,64.889
170,MYS,1975,68.504,64.631
171,MYS,1974,68.112,64.373
172,MYS,1973,67.7,64.1
173,MYS,1972,67.264,63.801
174,MYS,1971,66.804,63.472
175,MYS,1970,66.329,63.114
176,MYS,1969,65.847,62.729
177,MYS,1968,65.368,62.328
178,MYS,1967,64.897,61.918
179,MYS,1966,64.433,61.5
180,MYS,1965,63.971,61.077
181,MYS,1964,63.503,60.653
182,MYS,1963,63.017,60.224
183,MYS,1962,62.506,59.783
184,MYS,1961,61.965,59.324
185,MYS,1960,61.396,58.838
186,KOR,2021,,
187,KOR,2020,86.5,80.5
188,KOR,2019,86.3,80.3
189,KOR,2018,85.7,79.7
190,KOR,2017,85.7,79.7
191,KOR,2016,85.4,79.3
192,KOR,2015,85.2,79.0
193,KOR,2014,85.0,78.6
194,KOR,2013,84.6,78.1
195,KOR,2012,84.2,77.6
196,KOR,2011,84.0,77.3
197,KOR,2010,83.6,76.8
198,KOR,2009,83.4,76.7
199,KOR,2008,83.0,76.2
200,KOR,2007,82.5,75.9
201,KOR,2006,82.1,75.4
202,KOR,2005,81.6,74.9
203,KOR,2004,81.2,74.3
204,KOR,2003,80.8,73.8
205,KOR,2002,80.3,73.4
206,KOR,2001,80.1,72.9
207,KOR,2000,79.7,72.3
208,KOR,1999,79.2,71.8
209,KOR,1998,79.0,71.2
210,KOR,1997,78.7,70.7
211,KOR,1996,78.3,70.2
212,KOR,1995,77.9,69.7
213,KOR,1994,77.7,69.3
214,KOR,1993,77.3,68.9
215,KOR,1992,76.8,68.4
216,KOR,1991,76.4,67.9
217,KOR,1990,75.9,67.5
218,KOR,1989,75.3,67.0
219,KOR,1988,74.8,66.5
220,KOR,1987,74.3,65.9
221,KOR,1986,73.8,65.3
222,KOR,1985,73.2,64.6
223,KOR,1984,72.6,64.0
224,KOR,1983,71.9,63.4
225,KOR,1982,71.5,62.9
226,KOR,1981,70.9,62.4
227,KOR,1980,70.4,61.9
228,KOR,1979,69.9,61.4
229,KOR,1978,69.5,61.1
230,KOR,1977,69.1,60.9
231,KOR,1976,68.6,60.6
232,KOR,1975,68.2,60.3
233,KOR,1974,67.8,60.0
234,KOR,1973,67.3,59.7
235,KOR,1972,66.8,59.4
236,KOR,1971,66.3,59.1
237,KOR,1970,65.8,58.7
238,KOR,1969,64.475,57.056
239,KOR,1968,63.762,56.309
240,KOR,1967,63.086,55.58
241,KOR,1966,62.453,54.882
242,KOR,1965,61.883,54.24
243,KOR,1964,61.392,53.678
244,KOR,1963,60.956,53.175
245,KOR,1962,60.531,52.685
246,KOR,1961,60.069,52.154
247,KOR,1960,59.509,51.517
248,JPN,2021,,
249,JPN,2020,87.74,81.64
250,JPN,2019,87.45,81.41
251,JPN,2018,87.32,81.25
252,JPN,2017,87.26,81.09
253,JPN,2016,87.14,80.98
254,JPN,2015,86.99,80.75
255,JPN,2014,86.83,80.5
256,JPN,2013,86.61,80.21
257,JPN,2012,86.41,79.94
258,JPN,2011,85.9,79.44
259,JPN,2010,86.3,79.55
260,JPN,2009,86.44,79.59
261,JPN,2008,86.05,79.29
262,JPN,2007,85.99,79.19
263,JPN,2006,85.81,79.0
264,JPN,2005,85.49,78.53
265,JPN,2004,85.59,78.64
266,JPN,2003,85.33,78.36
267,JPN,2002,85.2,78.1
268,JPN,2001,84.9,78.1
269,JPN,2000,84.6,77.72
270,JPN,1999,83.9,77.4
271,JPN,1998,84.01,77.16
272,JPN,1997,83.82,77.19
273,JPN,1996,83.55,77.01
274,JPN,1995,82.84,76.39
275,JPN,1994,82.96,76.57
276,JPN,1993,82.5,76.24
277,JPN,1992,82.35,76.11
278,JPN,1991,82.22,76.13
279,JPN,1990,81.91,75.91
280,JPN,1989,81.84,75.94
281,JPN,1988,81.37,75.57
282,JPN,1987,81.48,75.63
283,JPN,1986,81.02,75.25
284,JPN,1985,80.57,74.87
285,JPN,1984,80.29,74.58
286,JPN,1983,79.84,74.22
287,JPN,1982,79.74,74.24
288,JPN,1981,79.17,73.79
289,JPN,1980,78.75,73.56
290,JPN,1979,78.75,74.04
291,JPN,1978,78.21,73.97
292,JPN,1977,77.86,74.03
293,JPN,1976,77.27,73.73
294,JPN,1975,76.85,73.35
295,JPN,1974,76.33,72.55
296,JPN,1973,75.96,71.66
297,JPN,1972,75.96,71.17
298,JPN,1971,75.49,70.4
299,JPN,1970,74.67,69.36
300,JPN,1969,74.62,69.19
301,JPN,1968,74.29,69.06
302,JPN,1967,73.94,68.74
303,JPN,1966,73.65,68.45
304,JPN,1965,72.85,67.68
305,JPN,1964,72.76,67.63
306,JPN,1963,72.26,67.18
307,JPN,1962,71.12,66.19
308,JPN,1961,70.83,65.91
309,JPN,1960,70.14,65.31
310,CHN,2021,,
311,CHN,2020,79.411,74.953
312,CHN,2019,79.244,74.761
313,CHN,2018,79.051,74.549
314,CHN,2017,78.828,74.315
315,CHN,2016,78.574,74.061
316,CHN,2015,78.288,73.793
317,CHN,2014,77.972,73.517
318,CHN,2013,77.635,73.242
319,CHN,2012,77.284,72.976
320,CHN,2011,76.926,72.72
321,CHN,2010,76.566,72.476
322,CHN,2009,76.208,72.244
323,CHN,2008,75.855,72.017
324,CHN,2007,75.508,71.788
325,CHN,2006,75.17,71.551
326,CHN,2005,74.845,71.297
327,CHN,2004,74.535,71.013
328,CHN,2003,74.237,70.697
329,CHN,2002,73.951,70.351
330,CHN,2001,73.674,69.981
331,CHN,2000,73.405,69.595
332,CHN,1999,73.141,69.207
333,CHN,1998,72.878,68.831
334,CHN,1997,72.617,68.483
335,CHN,1996,72.358,68.173
336,CHN,1995,72.103,67.916
337,CHN,1994,71.858,67.724
338,CHN,1993,71.626,67.592
339,CHN,1992,71.407,67.511
340,CHN,1991,71.2,67.468
341,CHN,1990,71.004,67.446
342,CHN,1989,70.819,67.425
343,CHN,1988,70.637,67.384
344,CHN,1987,70.45,67.306
345,CHN,1986,70.248,67.178
346,CHN,1985,70.023,66.995
347,CHN,1984,69.766,66.761
348,CHN,1983,69.471,66.486
349,CHN,1982,69.132,66.175
350,CHN,1981,68.742,65.823
351,CHN,1980,68.299,65.426
352,CHN,1979,67.804,64.982
353,CHN,1978,67.259,64.481
354,CHN,1977,66.664,63.912
355,CHN,1976,66.015,63.265
356,CHN,1975,65.316,62.532
357,CHN,1974,64.58,61.709
358,CHN,1973,63.799,60.791
359,CHN,1972,62.955,59.77
360,CHN,1971,62.018,58.635
361,CHN,1970,60.898,57.331
362,CHN,1969,59.484,55.794
363,CHN,1968,57.748,54.022
364,CHN,1967,55.727,52.062
365,CHN,1966,53.506,49.992
366,CHN,1965,51.258,47.956
367,CHN,1964,49.194,46.116
368,CHN,1963,47.486,44.596
369,CHN,1962,46.243,43.473
370,CHN,1961,45.497,42.767
371,CHN,1960,45.191,42.433
372,ETH,2021,,
373,ETH,2020,68.905,65.036
374,ETH,2019,68.536,64.694
375,ETH,2018,68.165,64.35
376,ETH,2017,67.784,63.997
377,ETH,2016,67.378,63.622
378,ETH,2015,66.926,63.207
379,ETH,2014,66.399,62.73
380,ETH,2013,65.783,62.176
381,ETH,2012,65.065,61.534
382,ETH,2011,64.244,60.804
383,ETH,2010,63.315,59.976
384,ETH,2009,62.277,59.05
385,ETH,2008,61.155,58.046
386,ETH,2007,59.983,56.991
387,ETH,2006,58.796,55.912
388,ETH,2005,57.639,54.846
389,ETH,2004,56.559,53.83
390,ETH,2003,55.58,52.885
391,ETH,2002,54.717,52.027
392,ETH,2001,53.976,51.263
393,ETH,2000,53.348,50.588
394,ETH,1999,52.806,49.984
395,ETH,1998,52.311,49.423
396,ETH,1997,51.828,48.878
397,ETH,1996,51.345,48.343
398,ETH,1995,50.858,47.82
399,ETH,1994,50.376,47.317
400,ETH,1993,49.913,46.848
401,ETH,1992,49.478,46.415
402,ETH,1991,49.065,46.013
403,ETH,1990,48.651,45.616
404,ETH,1989,48.207,45.195
405,ETH,1988,47.72,44.734
406,ETH,1987,47.194,44.235
407,ETH,1986,46.648,43.712
408,ETH,1985,46.125,43.207
409,ETH,1984,45.687,42.777
410,ETH,1983,45.373,42.462
411,ETH,1982,45.204,42.283
412,ETH,1981,45.175,42.237
413,ETH,1980,45.256,42.296
414,ETH,1979,45.401,42.417
415,ETH,1978,45.546,42.542
416,ETH,1977,45.64,42.621
417,ETH,1976,45.657,42.629
418,ETH,1975,45.587,42.555
419,ETH,1974,45.437,42.405
420,ETH,1973,45.236,42.205
421,ETH,1972,45.008,41.976
422,ETH,1971,44.758,41.723
423,ETH,1970,44.492,41.451
424,ETH,1969,44.212,41.161
425,ETH,1968,43.912,40.851
426,ETH,1967,43.588,40.517
427,ETH,1966,43.232,40.155
428,ETH,1965,42.832,39.754
429,ETH,1964,42.37,39.3
430,ETH,1963,41.84,38.79
431,ETH,1962,41.246,38.225
432,ETH,1961,40.596,37.614
433,ETH,1960,39.909,36.974
434,ZAF,2021,,
435,ZAF,2020,67.93,60.966
436,ZAF,2019,67.679,60.726
437,ZAF,2018,67.398,60.463
438,ZAF,2017,67.064,60.162
439,ZAF,2016,66.654,59.803
440,ZAF,2015,66.108,59.342
441,ZAF,2014,65.359,58.728
442,ZAF,2013,64.394,57.951
443,ZAF,2012,63.236,57.027
444,ZAF,2011,61.935,55.993
445,ZAF,2010,60.565,54.906
446,ZAF,2009,59.218,53.833
447,ZAF,2008,57.995,52.853
448,ZAF,2007,56.994,52.038
449,ZAF,2006,56.281,51.439
450,ZAF,2005,55.927,51.104
451,ZAF,2004,55.974,51.061
452,ZAF,2003,56.382,51.278
453,ZAF,2002,57.087,51.715
454,ZAF,2001,58.04,52.344
455,ZAF,2000,59.185,53.14
456,ZAF,1999,60.462,54.077
457,ZAF,1998,61.793,55.11
458,ZAF,1997,63.087,56.177
459,ZAF,1996,64.266,57.218
460,ZAF,1995,65.246,58.171
461,ZAF,1994,65.967,58.983
462,ZAF,1993,66.426,59.634
463,ZAF,1992,66.637,60.109
464,ZAF,1991,66.602,60.392
465,ZAF,1990,66.342,60.472
466,ZAF,1989,65.89,60.356
467,ZAF,1988,65.31,60.081
468,ZAF,1987,64.663,59.69
469,ZAF,1986,63.991,59.211
470,ZAF,1985,63.331,58.677
471,ZAF,1984,62.705,58.115
472,ZAF,1983,62.108,57.541
473,ZAF,1982,61.536,56.969
474,ZAF,1981,60.994,56.412
475,ZAF,1980,60.478,55.874
476,ZAF,1979,59.979,55.347
477,ZAF,1978,59.479,54.815
478,ZAF,1977,58.966,54.267
479,ZAF,1976,58.437,53.704
480,ZAF,1975,57.893,53.126
481,ZAF,1974,57.337,52.537
482,ZAF,1973,56.779,51.947
483,ZAF,1972,56.228,51.362
484,ZAF,1971,55.69,50.789
485,ZAF,1970,55.172,50.234
486,ZAF,1969,54.678,49.703
487,ZAF,1968,54.208,49.196
488,ZAF,1967,53.763,48.713
489,ZAF,1966,53.34,48.253
490,ZAF,1965,52.941,47.817
491,ZAF,1964,52.566,47.406
492,ZAF,1963,52.208,47.014
493,ZAF,1962,51.86,46.634
494,ZAF,1961,51.514,46.257
495,ZAF,1960,51.161,45.876
496,NGA,2021,,
497,NGA,2020,55.969,54.104
498,NGA,2019,55.619,53.789
499,NGA,2018,55.244,53.45
500,NGA,2017,54.843,53.086
501,NGA,2016,54.415,52.696
502,NGA,2015,53.967,52.286
503,NGA,2014,53.506,51.865
504,NGA,2013,53.042,51.442
505,NGA,2012,52.579,51.019
506,NGA,2011,52.12,50.596
507,NGA,2010,51.656,50.161
508,NGA,2009,51.171,49.696
509,NGA,2008,50.658,49.191
510,NGA,2007,50.121,48.648
511,NGA,2006,49.57,48.078
512,NGA,2005,49.028,47.504
513,NGA,2004,48.519,46.952
514,NGA,2003,48.067,46.449
515,NGA,2002,47.69,46.016
516,NGA,2001,47.396,45.661
517,NGA,2000,47.189,45.386
518,NGA,1999,47.063,45.184
519,NGA,1998,47.0,45.033
520,NGA,1997,46.979,44.915
521,NGA,1996,46.988,44.822
522,NGA,1995,47.014,44.749
523,NGA,1994,47.049,44.694
524,NGA,1993,47.088,44.661
525,NGA,1992,47.127,44.648
526,NGA,1991,47.16,44.651
527,NGA,1990,47.191,44.671
528,NGA,1989,47.228,44.71
529,NGA,1988,47.274,44.766
530,NGA,1987,47.328,44.829
531,NGA,1986,47.378,44.885
532,NGA,1985,47.404,44.912
533,NGA,1984,47.386,44.889
534,NGA,1983,47.306,44.802
535,NGA,1982,47.154,44.641
536,NGA,1981,46.927,44.405
537,NGA,1980,46.627,44.095
538,NGA,1979,46.261,43.719
539,NGA,1978,45.849,43.296
540,NGA,1977,45.412,42.847
541,NGA,1976,44.961,42.383
542,NGA,1975,44.507,41.916
543,NGA,1974,44.058,41.451
544,NGA,1973,43.613,40.991
545,NGA,1972,43.174,40.536
546,NGA,1971,42.747,40.091
547,NGA,1970,42.335,39.662
548,NGA,1969,41.943,39.251
549,NGA,1968,41.566,38.857
550,NGA,1967,41.201,38.474
551,NGA,1966,40.843,38.098
552,NGA,1965,40.483,37.72
553,NGA,1964,40.112,37.33
554,NGA,1963,39.724,36.923
555,NGA,1962,39.315,36.494
556,NGA,1961,38.887,36.045
557,NGA,1960,38.445,35.581
558,CMR,2021,,
559,CMR,2020,60.904,58.354
560,CMR,2019,60.561,58.029
561,CMR,2018,60.192,57.656
562,CMR,2017,59.795,57.235
563,CMR,2016,59.367,56.768
564,CMR,2015,58.908,56.27
565,CMR,2014,58.418,55.76
566,CMR,2013,57.904,55.258
567,CMR,2012,57.377,54.777
568,CMR,2011,56.844,54.323
569,CMR,2010,56.312,53.889
570,CMR,2009,55.786,53.462
571,CMR,2008,55.271,53.026
572,CMR,2007,54.777,52.573
573,CMR,2006,54.313,52.106
574,CMR,2005,53.889,51.625
575,CMR,2004,53.508,51.134
576,CMR,2003,53.174,50.65
577,CMR,2002,52.894,50.196
578,CMR,2001,52.676,49.795
579,CMR,2000,52.538,49.485
580,CMR,1999,52.495,49.304
581,CMR,1998,52.551,49.266
582,CMR,1997,52.697,49.369
583,CMR,1996,52.922,49.601
584,CMR,1995,53.214,49.94
585,CMR,1994,53.558,50.353
586,CMR,1993,53.928,50.794
587,CMR,1992,54.293,51.214
588,CMR,1991,54.624,51.579
589,CMR,1990,54.891,51.858
590,CMR,1989,55.065,52.031
591,CMR,1988,55.141,52.105
592,CMR,1987,55.117,52.087
593,CMR,1986,54.992,51.979
594,CMR,1985,54.774,51.788
595,CMR,1984,54.481,51.527
596,CMR,1983,54.136,51.216
597,CMR,1982,53.763,50.872
598,CMR,1981,53.372,50.503
599,CMR,1980,52.969,50.114
600,CMR,1979,52.552,49.702
601,CMR,1978,52.112,49.262
602,CMR,1977,51.645,48.791
603,CMR,1976,51.154,48.296
604,CMR,1975,50.64,47.784
605,CMR,1974,50.102,47.264
606,CMR,1973,49.546,46.741
607,CMR,1972,48.978,46.223
608,CMR,1971,48.406,45.716
609,CMR,1970,47.84,45.222
610,CMR,1969,47.289,44.743
611,CMR,1968,46.759,44.276
612,CMR,1967,46.251,43.815
613,CMR,1966,45.766,43.359
614,CMR,1965,45.301,42.905
615,CMR,1964,44.847,42.449
616,CMR,1963,44.395,41.988
617,CMR,1962,43.939,41.522
618,CMR,1961,43.477,41.051
619,CMR,1960,43.011,40.579
620,EGY,2021,,
621,EGY,2020,74.53,69.883
622,EGY,2019,74.35,69.742
623,EGY,2018,74.162,69.599
624,EGY,2017,73.967,69.453
625,EGY,2016,73.766,69.302
626,EGY,2015,73.563,69.144
627,EGY,2014,73.36,68.974
628,EGY,2013,73.161,68.791
629,EGY,2012,72.97,68.596
630,EGY,2011,72.787,68.391
631,EGY,2010,72.613,68.178
632,EGY,2009,72.449,67.962
633,EGY,2008,72.29,67.747
634,EGY,2007,72.134,67.537
635,EGY,2006,71.978,67.332
636,EGY,2005,71.825,67.138
637,EGY,2004,71.679,66.957
638,EGY,2003,71.537,66.787
639,EGY,2002,71.394,66.619
640,EGY,2001,71.239,66.444
641,EGY,2000,71.053,66.241
642,EGY,1999,70.814,65.991
643,EGY,1998,70.51,65.68
644,EGY,1997,70.139,65.307
645,EGY,1996,69.706,64.876
646,EGY,1995,69.231,64.408
647,EGY,1994,68.744,63.931
648,EGY,1993,68.27,63.469
649,EGY,1992,67.821,63.036
650,EGY,1991,67.398,62.63
651,EGY,1990,66.982,62.233
652,EGY,1989,66.544,61.813
653,EGY,1988,66.053,61.342
654,EGY,1987,65.491,60.801
655,EGY,1986,64.857,60.19
656,EGY,1985,64.162,59.524
657,EGY,1984,63.43,58.827
658,EGY,1983,62.689,58.13
659,EGY,1982,61.96,57.456
660,EGY,1981,61.251,56.811
661,EGY,1980,60.549,56.184
662,EGY,1979,59.831,55.552
663,EGY,1978,59.081,54.894
664,EGY,1977,58.295,54.205
665,EGY,1976,57.486,53.495
666,EGY,1975,56.688,52.794
667,EGY,1974,55.945,52.141
668,EGY,1973,55.291,51.567
669,EGY,1972,54.741,51.088
670,EGY,1971,54.293,50.705
671,EGY,1970,53.929,50.402
672,EGY,1969,53.615,50.153
673,EGY,1968,53.304,49.916
674,EGY,1967,52.959,49.658
675,EGY,1966,52.559,49.36
676,EGY,1965,52.1,49.016
677,EGY,1964,51.592,48.631
678,EGY,1963,51.053,48.22
679,EGY,1962,50.492,47.787
680,EGY,1961,49.901,47.325
681,EGY,1960,49.265,46.822
682,AGO,2021,,
683,AGO,2020,64.383,58.744
684,AGO,2019,64.039,58.416
685,AGO,2018,63.666,58.064
686,AGO,2017,63.252,57.677
687,AGO,2016,62.783,57.242
688,AGO,2015,62.237,56.737
689,AGO,2014,61.591,56.14
690,AGO,2013,60.841,55.447
691,AGO,2012,59.992,54.66
692,AGO,2011,59.052,53.79
693,AGO,2010,58.033,52.848
694,AGO,2009,56.953,51.85
695,AGO,2008,55.839,50.826
696,AGO,2007,54.726,49.807
697,AGO,2006,53.642,48.821
698,AGO,2005,52.614,47.893
699,AGO,2004,51.661,47.038
700,AGO,2003,50.789,46.261
701,AGO,2002,50.005,45.567
702,AGO,2001,49.317,44.966
703,AGO,2000,48.736,44.466
704,AGO,1999,48.265,44.074
705,AGO,1998,47.893,43.781
706,AGO,1997,47.605,43.574
707,AGO,1996,47.391,43.442
708,AGO,1995,47.242,43.378
709,AGO,1994,47.149,43.374
710,AGO,1993,47.101,43.416
711,AGO,1992,47.082,43.487
712,AGO,1991,47.077,43.568
713,AGO,1990,47.07,43.642
714,AGO,1989,47.052,43.692
715,AGO,1988,47.017,43.711
716,AGO,1987,46.962,43.696
717,AGO,1986,46.878,43.64
718,AGO,1985,46.762,43.544
719,AGO,1984,46.612,43.414
720,AGO,1983,46.434,43.259
721,AGO,1982,46.231,43.09
722,AGO,1981,46.005,42.906
723,AGO,1980,45.754,42.708
724,AGO,1979,45.48,42.492
725,AGO,1978,45.183,42.254
726,AGO,1977,44.866,41.99
727,AGO,1976,44.531,41.703
728,AGO,1975,44.181,41.394
729,AGO,1974,43.82,41.063
730,AGO,1973,43.449,40.716
731,AGO,1972,43.073,40.359
732,AGO,1971,42.693,39.994
733,AGO,1970,42.314,39.627
734,AGO,1969,41.934,39.26
735,AGO,1968,41.554,38.894
736,AGO,1967,41.175,38.532
737,AGO,1966,40.801,38.177
738,AGO,1965,40.433,37.833
739,AGO,1964,40.075,37.501
740,AGO,1963,39.727,37.181
741,AGO,1962,39.391,36.874
742,AGO,1961,39.069,36.582
743,AGO,1960,38.763,36.305
744,RUS,2021,,
745,RUS,2020,76.43,66.49
746,RUS,2019,78.17,68.24
747,RUS,2018,77.82,67.75
748,RUS,2017,77.64,67.51
749,RUS,2016,77.06,66.5
750,RUS,2015,76.71,65.92
751,RUS,2014,76.47,65.29
752,RUS,2013,76.3,65.13
753,RUS,2012,75.86,64.56
754,RUS,2011,75.61,64.04
755,RUS,2010,74.88,63.09
756,RUS,2009,74.79,62.87
757,RUS,2008,74.28,61.92
758,RUS,2007,74.02,61.46
759,RUS,2006,73.34,60.43
760,RUS,2005,72.47,58.92
761,RUS,2004,72.36,58.91
762,RUS,2003,71.85,58.53
763,RUS,2002,71.9,58.68
764,RUS,2001,72.17,58.92
765,RUS,2000,72.26,59.03
766,RUS,1999,72.4,59.87
767,RUS,1998,73.13,61.22
768,RUS,1997,72.84,60.85
769,RUS,1996,72.4,59.62
770,RUS,1995,71.59,58.12
771,RUS,1994,71.73,57.55
772,RUS,1993,71.2,58.97
773,RUS,1992,71.99,62.0
774,RUS,1991,73.75,63.45
775,RUS,1990,74.3,63.73
776,RUS,1989,74.35,64.24
777,RUS,1988,74.53,64.64
778,RUS,1987,74.27,64.84
779,RUS,1986,74.23,64.78
780,RUS,1985,73.24,62.73
781,RUS,1984,72.97,61.71
782,RUS,1983,73.42,62.16
783,RUS,1982,73.64,62.25
784,RUS,1981,73.19,61.62
785,RUS,1980,72.96,61.39
786,RUS,1979,73.02,61.49
787,RUS,1978,73.23,61.83
788,RUS,1977,73.2,61.83
789,RUS,1976,73.05,62.19
790,RUS,1975,73.23,62.48
791,RUS,1974,73.77,63.13
792,RUS,1973,73.56,63.28
793,RUS,1972,73.62,63.25
794,RUS,1971,73.77,63.24
795,RUS,1970,73.44,63.08
796,RUS,1969,72.755,63.212
797,RUS,1968,72.669,63.308
798,RUS,1967,72.558,63.386
799,RUS,1966,72.411,63.433
800,RUS,1965,72.219,63.433
801,RUS,1964,71.976,63.367
802,RUS,1963,71.67,63.216
803,RUS,1962,71.288,62.958
804,RUS,1961,70.817,62.578
805,RUS,1960,70.243,62.067
806,UKR,2021,,
807,UKR,2020,76.22,66.39
808,UKR,2019,76.98,66.92
809,UKR,2018,76.72,66.69
810,UKR,2017,76.78,67.02
811,UKR,2016,76.46,66.73
812,UKR,2015,76.25,66.37
813,UKR,2014,76.37,66.25
814,UKR,2013,76.22,66.34
815,UKR,2012,76.02,66.11
816,UKR,2011,75.88,65.98
817,UKR,2010,75.5,65.28
818,UKR,2009,74.86,63.79
819,UKR,2008,74.28,62.51
820,UKR,2007,74.22,62.51
821,UKR,2006,74.06,62.38
822,UKR,2005,73.97,62.23
823,UKR,2004,74.05,62.6
824,UKR,2003,74.06,62.64
825,UKR,2002,74.13,62.7
826,UKR,2001,73.63,62.32
827,UKR,2000,73.53,62.1
828,UKR,1999,73.61,62.62
829,UKR,1998,73.84,63.17
830,UKR,1997,73.19,62.23
831,UKR,1996,72.8,61.52
832,UKR,1995,72.54,61.22
833,UKR,1994,72.95,62.39
834,UKR,1993,73.35,63.16
835,UKR,1992,73.98,63.81
836,UKR,1991,74.21,64.62
837,UKR,1990,74.82,65.6
838,UKR,1989,75.16,66.1
839,UKR,1988,74.8,66.4
840,UKR,1987,74.9,66.3
841,UKR,1986,74.317,65.481
842,UKR,1985,74.183,65.186
843,UKR,1984,74.028,64.831
844,UKR,1983,73.887,64.497
845,UKR,1982,73.784,64.251
846,UKR,1981,73.732,64.124
847,UKR,1980,73.739,64.131
848,UKR,1979,73.803,64.26
849,UKR,1978,73.905,64.467
850,UKR,1977,74.023,64.711
851,UKR,1976,74.143,64.973
852,UKR,1975,74.249,65.24
853,UKR,1974,74.33,65.503
854,UKR,1973,74.376,65.76
855,UKR,1972,74.381,66.005
856,UKR,1971,74.335,66.228
857,UKR,1970,74.237,66.424
858,UKR,1969,74.088,66.59
859,UKR,1968,73.895,66.726
860,UKR,1967,73.663,66.826
861,UKR,1966,73.394,66.878
862,UKR,1965,73.092,66.871
863,UKR,1964,72.765,66.797
864,UKR,1963,72.41,66.646
865,UKR,1962,72.019,66.41
866,UKR,1961,71.584,66.078
867,UKR,1960,71.091,65.641
868,CHE,2021,,
869,CHE,2020,85.2,81.1
870,CHE,2019,85.8,82.1
871,CHE,2018,85.7,81.9
872,CHE,2017,85.6,81.6
873,CHE,2016,85.6,81.7
874,CHE,2015,85.1,80.8
875,CHE,2014,85.4,81.1
876,CHE,2013,85.0,80.7
877,CHE,2012,84.9,80.6
878,CHE,2011,85.0,80.5
879,CHE,2010,84.5,80.1
880,CHE,2009,84.4,79.8
881,CHE,2008,84.4,79.7
882,CHE,2007,84.2,79.4
883,CHE,2006,84.0,79.1
884,CHE,2005,83.9,78.7
885,CHE,2004,83.7,78.6
886,CHE,2003,83.2,78.0
887,CHE,2002,83.1,77.8
888,CHE,2001,83.1,77.4
889,CHE,2000,82.6,76.9
890,CHE,1999,82.5,76.8
891,CHE,1998,82.5,76.3
892,CHE,1997,82.04,76.26
893,CHE,1996,82.0,75.94
894,CHE,1995,81.69,75.3
895,CHE,1994,81.71,75.15
896,CHE,1993,81.43,74.9
897,CHE,1992,81.33,74.45
898,CHE,1991,81.1,74.1
899,CHE,1990,80.71,73.94
900,CHE,1989,80.94,74.07
901,CHE,1988,80.73,73.89
902,CHE,1987,80.66,73.9
903,CHE,1986,80.3,73.66
904,CHE,1985,80.15,73.48
905,CHE,1984,80.03,73.35
906,CHE,1983,79.55,72.68
907,CHE,1982,79.44,72.79
908,CHE,1981,79.13,72.42
909,CHE,1980,78.85,72.23
910,CHE,1979,78.78,72.31
911,CHE,1978,78.66,71.88
912,CHE,1977,78.68,71.96
913,CHE,1976,78.13,71.6
914,CHE,1975,78.0,71.49
915,CHE,1974,77.56,71.17
916,CHE,1973,77.05,70.98
917,CHE,1972,76.82,70.62
918,CHE,1971,76.25,70.16
919,CHE,1970,76.16,70.03
920,CHE,1969,75.65,69.72
921,CHE,1968,75.52,69.8
922,CHE,1967,75.72,69.7
923,CHE,1966,75.25,69.56
924,CHE,1965,75.07,69.47
925,CHE,1964,75.11,69.19
926,CHE,1963,74.23,68.29
927,CHE,1962,74.09,68.44
928,CHE,1961,74.59,68.84
929,CHE,1960,74.11,68.65
930,ITA,2021,,
931,ITA,2020,84.7,80.1
932,ITA,2019,85.7,81.4
933,ITA,2018,85.6,81.2
934,ITA,2017,85.2,80.8
935,ITA,2016,85.6,81.0
936,ITA,2015,84.9,80.3
937,ITA,2014,85.6,80.7
938,ITA,2013,85.2,80.3
939,ITA,2012,84.8,79.8
940,ITA,2011,84.8,79.7
941,ITA,2010,84.7,79.5
942,ITA,2009,84.3,79.1
943,ITA,2008,84.2,78.9
944,ITA,2007,84.2,78.8
945,ITA,2006,84.1,78.6
946,ITA,2005,83.6,78.1
947,ITA,2004,83.7,78.0
948,ITA,2003,82.8,77.3
949,ITA,2002,83.2,77.4
950,ITA,2001,83.2,77.2
951,ITA,2000,82.8,76.9
952,ITA,1999,82.6,76.4
953,ITA,1998,82.1,76.0
954,ITA,1997,82.0,75.8
955,ITA,1996,81.8,75.4
956,ITA,1995,81.5,75.0
957,ITA,1994,81.2,74.8
958,ITA,1993,81.0,74.6
959,ITA,1992,80.8,74.2
960,ITA,1991,80.4,73.8
961,ITA,1990,80.3,73.8
962,ITA,1989,80.2,73.6
963,ITA,1988,79.7,73.2
964,ITA,1987,79.6,73.0
965,ITA,1986,79.1,72.6
966,ITA,1985,78.8,72.3
967,ITA,1984,78.77,72.17
968,ITA,1983,77.99,71.45
969,ITA,1982,78.19,71.6
970,ITA,1981,77.76,71.11
971,ITA,1980,77.38,70.67
972,ITA,1979,77.46,70.71
973,ITA,1978,77.13,70.42
974,ITA,1977,76.74,70.15
975,ITA,1976,76.27,69.87
976,ITA,1975,75.91,69.54
977,ITA,1974,75.91,69.71
978,ITA,1973,75.12,69.08
979,ITA,1972,75.21,69.09
980,ITA,1971,74.88,68.88
981,ITA,1970,74.55,68.71
982,ITA,1969,73.88,67.89
983,ITA,1968,73.72,67.98
984,ITA,1967,73.83,68.22
985,ITA,1966,73.82,68.17
986,ITA,1965,73.04,67.44
987,ITA,1964,73.18,67.58
988,ITA,1963,72.06,66.57
989,ITA,1962,71.89,66.54
990,ITA,1961,72.48,67.17
991,ITA,1960,71.69,66.68
992,GBR,2021,,
993,GBR,2020,82.9,79.0
994,GBR,2019,83.1,79.4
995,GBR,2018,83.1,79.5
996,GBR,2017,83.1,79.5
997,GBR,2016,83.0,79.4
998,GBR,2015,82.8,79.2
999,GBR,2014,83.2,79.5
1000,GBR,2013,82.9,79.2
1001,GBR,2012,82.8,79.1
1002,GBR,2011,83.0,79.0
1003,GBR,2010,82.4,78.5
1004,GBR,2009,82.1,78.1
1005,GBR,2008,81.7,77.6
1006,GBR,2007,81.6,77.4
1007,GBR,2006,81.4,77.2
1008,GBR,2005,81.2,77.0
1009,GBR,2004,81.0,76.6
1010,GBR,2003,80.7,76.3
1011,GBR,2002,80.5,75.9
1012,GBR,2001,80.4,75.7
1013,GBR,2000,80.2,75.4
1014,GBR,1999,79.9,75.0
1015,GBR,1998,79.7,74.8
1016,GBR,1997,79.9,74.65
1017,GBR,1996,79.7,74.6
1018,GBR,1995,79.5,74.3
1019,GBR,1994,79.6,74.3
1020,GBR,1993,79.1,73.8
1021,GBR,1992,79.2,73.8
1022,GBR,1991,78.9,73.4
1023,GBR,1990,78.8,73.1
1024,GBR,1989,78.4,72.9
1025,GBR,1988,78.3,72.6
1026,GBR,1987,78.2,72.5
1027,GBR,1986,77.9,72.1
1028,GBR,1985,77.6,71.8
1029,GBR,1984,77.8,71.9
1030,GBR,1983,77.4,71.5
1031,GBR,1982,77.2,71.3
1032,GBR,1981,77.1,71.1
1033,GBR,1980,76.8,70.7
1034,GBR,1979,76.4,70.3
1035,GBR,1978,76.3,70.2
1036,GBR,1977,76.4,70.2
1037,GBR,1976,75.9,69.8
1038,GBR,1975,75.9,69.7
1039,GBR,1974,75.7,69.5
1040,GBR,1973,75.5,69.3
1041,GBR,1972,75.3,69.1
1042,GBR,1971,75.5,69.2
1043,GBR,1970,75.2,68.9
1044,GBR,1969,75.0,68.6
1045,GBR,1968,74.9,68.7
1046,GBR,1967,75.3,69.1
1047,GBR,1966,74.8,68.5
1048,GBR,1965,74.8,68.6
1049,GBR,1964,74.8,68.6
1050,GBR,1963,73.9,67.9
1051,GBR,1962,74.0,68.0
1052,GBR,1961,73.9,68.0
1053,GBR,1960,74.2,68.2
1054,FRA,2021,,
1055,FRA,2020,85.3,79.2
1056,FRA,2019,85.9,79.9
1057,FRA,2018,85.8,79.7
1058,FRA,2017,85.7,79.6
1059,FRA,2016,85.8,79.5
1060,FRA,2015,85.6,79.2
1061,FRA,2014,86.1,79.5
1062,FRA,2013,85.6,79.0
1063,FRA,2012,85.4,78.7
1064,FRA,2011,85.7,78.7
1065,FRA,2010,85.3,78.2
1066,FRA,2009,85.0,78.0
1067,FRA,2008,84.8,77.8
1068,FRA,2007,84.8,77.6
1069,FRA,2006,84.5,77.3
1070,FRA,2005,83.8,76.7
1071,FRA,2004,83.8,76.7
1072,FRA,2003,82.7,75.7
1073,FRA,2002,83.0,75.7
1074,FRA,2001,83.0,75.5
1075,FRA,2000,83.0,75.3
1076,FRA,1999,82.7,75.0
1077,FRA,1998,82.6,74.8
1078,FRA,1997,82.3,74.5
1079,FRA,1996,82.0,74.1
1080,FRA,1995,81.9,73.8
1081,FRA,1994,81.9,73.6
1082,FRA,1993,81.5,73.3
1083,FRA,1992,81.3,73.1
1084,FRA,1991,81.1,72.8
1085,FRA,1990,80.8,72.6
1086,FRA,1989,80.6,72.3
1087,FRA,1988,80.3,72.1
1088,FRA,1987,80.0,71.8
1089,FRA,1986,79.8,71.6
1090,FRA,1985,79.5,71.3
1091,FRA,1984,79.2,71.0
1092,FRA,1983,79.0,70.8
1093,FRA,1982,78.7,70.5
1094,FRA,1981,78.5,70.3
1095,FRA,1980,78.2,70.1
1096,FRA,1979,78.0,69.9
1097,FRA,1978,77.7,69.7
1098,FRA,1977,77.5,69.4
1099,FRA,1976,77.2,69.2
1100,FRA,1975,76.9,69.0
1101,FRA,1974,76.6,68.8
1102,FRA,1973,76.3,68.6
1103,FRA,1972,76.0,68.4
1104,FRA,1971,75.8,68.2
1105,FRA,1970,75.5,68.0
1106,FRA,1969,75.3,67.8
1107,FRA,1968,75.1,67.7
1108,FRA,1967,74.9,67.6
1109,FRA,1966,74.7,67.4
1110,FRA,1965,74.5,67.3
1111,FRA,1964,74.3,67.2
1112,FRA,1963,74.1,67.1
1113,FRA,1962,73.9,66.9
1114,FRA,1961,73.6,66.8
1115,FRA,1960,73.3,66.6
1116,ESP,2021,,
1117,ESP,2020,85.1,79.7
1118,ESP,2019,86.7,81.1
1119,ESP,2018,86.3,80.7
1120,ESP,2017,86.1,80.6
1121,ESP,2016,86.3,80.5
1122,ESP,2015,85.7,80.1
1123,ESP,2014,86.2,80.4
1124,ESP,2013,86.1,80.2
1125,ESP,2012,85.5,79.5
1126,ESP,2011,85.6,79.5
1127,ESP,2010,84.7,78.7
1128,ESP,2009,84.6,78.5
1129,ESP,2008,84.3,78.2
1130,ESP,2007,84.1,77.8
1131,ESP,2006,84.1,77.7
1132,ESP,2005,83.5,77.0
1133,ESP,2004,83.2,76.7
1134,ESP,2003,83.0,76.4
1135,ESP,2002,83.0,76.3
1136,ESP,2001,82.8,76.1
1137,ESP,2000,82.5,75.6
1138,ESP,1999,82.2,75.4
1139,ESP,1998,82.2,75.3
1140,ESP,1997,82.21,75.17
1141,ESP,1996,81.88,74.54
1142,ESP,1995,81.73,74.41
1143,ESP,1994,81.62,74.36
1144,ESP,1993,81.26,74.01
1145,ESP,1992,81.19,73.81
1146,ESP,1991,80.7,73.42
1147,ESP,1990,80.51,73.34
1148,ESP,1989,80.44,73.36
1149,ESP,1988,80.23,73.43
1150,ESP,1987,80.17,73.45
1151,ESP,1986,79.85,73.33
1152,ESP,1985,79.64,73.04
1153,ESP,1984,79.64,73.11
1154,ESP,1983,79.1,72.87
1155,ESP,1982,79.32,73.1
1156,ESP,1981,78.74,72.47
1157,ESP,1980,78.53,72.32
1158,ESP,1979,78.02,71.77
1159,ESP,1978,77.42,71.32
1160,ESP,1977,77.2,71.21
1161,ESP,1976,76.68,70.75
1162,ESP,1975,76.31,70.47
1163,ESP,1974,75.92,70.16
1164,ESP,1973,75.52,69.84
1165,ESP,1972,75.63,70.14
1166,ESP,1971,74.56,68.84
1167,ESP,1970,74.87,69.32
1168,ESP,1969,73.89,68.36
1169,ESP,1968,74.36,68.85
1170,ESP,1967,74.07,68.57
1171,ESP,1966,73.78,68.46
1172,ESP,1965,73.57,68.18
1173,ESP,1964,73.14,67.79
1174,ESP,1963,72.36,67.13
1175,ESP,1962,72.08,67.08
1176,ESP,1961,71.98,67.1
1177,ESP,1960,71.66,66.68
1178,BEL,2021,,
1179,BEL,2020,83.1,78.6
1180,BEL,2019,84.3,79.8
1181,BEL,2018,83.9,79.4
1182,BEL,2017,83.9,79.2
1183,BEL,2016,84.0,79.0
1184,BEL,2015,83.4,78.7
1185,BEL,2014,83.9,78.8
1186,BEL,2013,83.2,78.1
1187,BEL,2012,83.1,77.8
1188,BEL,2011,83.3,78.0
1189,BEL,2010,83.0,77.5
1190,BEL,2009,82.8,77.4
1191,BEL,2008,82.6,76.9
1192,BEL,2007,82.6,77.1
1193,BEL,2006,82.3,76.6
1194,BEL,2005,81.9,76.2
1195,BEL,2004,81.9,76.0
1196,BEL,2003,81.1,75.3
1197,BEL,2002,81.2,75.1
1198,BEL,2001,81.2,74.9
1199,BEL,2000,81.0,74.6
1200,BEL,1999,81.0,74.4
1201,BEL,1998,80.7,74.4
1202,BEL,1997,80.7,74.2
1203,BEL,1996,80.66,73.88
1204,BEL,1995,80.38,73.47
1205,BEL,1994,80.19,73.36
1206,BEL,1993,79.9,72.96
1207,BEL,1992,79.87,73.0
1208,BEL,1991,79.67,72.88
1209,BEL,1990,79.54,72.73
1210,BEL,1989,79.09,72.34
1211,BEL,1988,79.1,72.2
1212,BEL,1987,78.9,72.0
1213,BEL,1986,78.23,71.4
1214,BEL,1985,78.08,71.13
1215,BEL,1984,77.98,71.0
1216,BEL,1983,77.27,70.63
1217,BEL,1982,77.33,70.61
1218,BEL,1981,77.12,70.29
1219,BEL,1980,76.69,69.89
1220,BEL,1979,76.61,69.94
1221,BEL,1978,76.14,69.42
1222,BEL,1977,76.18,69.53
1223,BEL,1976,75.49,68.91
1224,BEL,1975,75.28,68.82
1225,BEL,1974,75.31,68.82
1226,BEL,1973,74.98,68.45
1227,BEL,1972,74.76,68.21
1228,BEL,1971,74.4,67.88
1229,BEL,1970,74.25,67.85
1230,BEL,1969,74.13,67.56
1231,BEL,1968,73.92,67.62
1232,BEL,1967,74.25,67.93
1233,BEL,1966,73.8,67.76
1234,BEL,1965,73.76,67.64
1235,BEL,1964,73.9,67.76
1236,BEL,1963,73.14,67.11
1237,BEL,1962,73.18,67.4
1238,BEL,1961,73.63,67.56
1239,BEL,1960,72.77,66.78
1240,DEU,2021,,
1241,DEU,2020,83.4,78.6
1242,DEU,2019,83.7,79.0
1243,DEU,2018,83.3,78.6
1244,DEU,2017,83.4,78.7
1245,DEU,2016,83.5,78.6
1246,DEU,2015,83.1,78.3
1247,DEU,2014,83.6,78.7
1248,DEU,2013,83.0,78.1
1249,DEU,2012,83.1,78.1
1250,DEU,2011,83.1,77.9
1251,DEU,2010,82.6,77.5
1252,DEU,2009,82.5,77.3
1253,DEU,2008,82.4,77.2
1254,DEU,2007,82.3,76.9
1255,DEU,2006,82.0,76.4
1256,DEU,2005,81.8,76.2
1257,DEU,2004,81.6,75.9
1258,DEU,2003,81.3,75.6
1259,DEU,2002,81.2,75.4
1260,DEU,2001,81.3,75.5
1261,DEU,2000,81.0,75.0
1262,DEU,1999,80.8,74.8
1263,DEU,1998,80.6,74.5
1264,DEU,1997,80.3,74.0
1265,DEU,1996,79.9,73.6
1266,DEU,1995,79.7,73.3
1267,DEU,1994,79.6,73.1
1268,DEU,1993,79.2,72.7
1269,DEU,1992,79.2,72.6
1270,DEU,1991,78.7,72.1
1271,DEU,1990,78.556,72.058
1272,DEU,1989,78.325,71.859
1273,DEU,1988,78.09,71.652
1274,DEU,1987,77.849,71.427
1275,DEU,1986,77.601,71.183
1276,DEU,1985,77.346,70.92
1277,DEU,1984,77.083,70.64
1278,DEU,1983,76.815,70.353
1279,DEU,1982,76.545,70.067
1280,DEU,1981,76.273,69.786
1281,DEU,1980,76.0,69.514
1282,DEU,1979,75.725,69.25
1283,DEU,1978,75.449,68.995
1284,DEU,1977,75.173,68.751
1285,DEU,1976,74.904,68.52
1286,DEU,1975,74.647,68.311
1287,DEU,1974,74.412,68.132
1288,DEU,1973,74.201,67.984
1289,DEU,1972,74.017,67.867
1290,DEU,1971,73.856,67.778
1291,DEU,1970,73.715,67.711
1292,DEU,1969,73.588,67.658
1293,DEU,1968,73.464,67.609
1294,DEU,1967,73.335,67.554
1295,DEU,1966,73.194,67.488
1296,DEU,1965,73.036,67.405
1297,DEU,1964,72.861,67.302
1298,DEU,1963,72.669,67.184
1299,DEU,1962,72.462,67.053
1300,DEU,1961,72.238,66.908
1301,DEU,1960,71.997,66.751
1302,VEN,2021,,
1303,VEN,2020,76.0,68.324
1304,VEN,2019,76.004,68.327
1305,VEN,2018,76.074,68.398
1306,VEN,2017,76.194,68.523
1307,VEN,2016,76.353,68.687
1308,VEN,2015,76.531,68.871
1309,VEN,2014,76.709,69.05
1310,VEN,2013,76.867,69.205
1311,VEN,2012,76.991,69.321
1312,VEN,2011,77.071,69.388
1313,VEN,2010,77.105,69.405
1314,VEN,2009,77.099,69.379
1315,VEN,2008,77.066,69.326
1316,VEN,2007,77.016,69.26
1317,VEN,2006,76.95,69.186
1318,VEN,2005,76.862,69.104
1319,VEN,2004,76.746,69.013
1320,VEN,2003,76.594,68.907
1321,VEN,2002,76.408,68.789
1322,VEN,2001,76.191,68.66
1323,VEN,2000,75.951,68.531
1324,VEN,1999,75.701,68.411
1325,VEN,1998,75.451,68.306
1326,VEN,1997,75.211,68.219
1327,VEN,1996,74.985,68.149
1328,VEN,1995,74.776,68.091
1329,VEN,1994,74.582,68.039
1330,VEN,1993,74.394,67.982
1331,VEN,1992,74.207,67.91
1332,VEN,1991,74.019,67.819
1333,VEN,1990,73.828,67.705
1334,VEN,1989,73.634,67.567
1335,VEN,1988,73.439,67.409
1336,VEN,1987,73.24,67.234
1337,VEN,1986,73.038,67.044
1338,VEN,1985,72.829,66.842
1339,VEN,1984,72.613,66.631
1340,VEN,1983,72.387,66.414
1341,VEN,1982,72.149,66.191
1342,VEN,1981,71.897,65.963
1343,VEN,1980,71.63,65.731
1344,VEN,1979,71.347,65.496
1345,VEN,1978,71.049,65.254
1346,VEN,1977,70.732,65.001
1347,VEN,1976,70.391,64.735
1348,VEN,1975,70.018,64.449
1349,VEN,1974,69.603,64.137
1350,VEN,1973,69.142,63.796
1351,VEN,1972,68.635,63.425
1352,VEN,1971,68.086,63.03
1353,VEN,1970,67.505,62.615
1354,VEN,1969,66.902,62.192
1355,VEN,1968,66.29,61.77
1356,VEN,1967,65.681,61.353
1357,VEN,1966,65.08,60.941
1358,VEN,1965,64.491,60.53
1359,VEN,1964,63.911,60.112
1360,VEN,1963,63.335,59.678
1361,VEN,1962,62.756,59.219
1362,VEN,1961,62.173,58.734
1363,VEN,1960,61.585,58.226
1364,PAN,2021,,
1365,PAN,2020,81.901,75.616
1366,PAN,2019,81.756,75.421
1367,PAN,2018,81.593,75.235
1368,PAN,2017,81.412,75.06
1369,PAN,2016,81.211,74.894
1370,PAN,2015,80.994,74.736
1371,PAN,2014,80.765,74.58
1372,PAN,2013,80.531,74.422
1373,PAN,2012,80.297,74.26
1374,PAN,2011,80.066,74.096
1375,PAN,2010,79.838,73.932
1376,PAN,2009,79.61,73.775
1377,PAN,2008,79.381,73.63
1378,PAN,2007,79.148,73.499
1379,PAN,2006,78.913,73.381
1380,PAN,2005,78.679,73.272
1381,PAN,2004,78.449,73.167
1382,PAN,2003,78.226,73.059
1383,PAN,2002,78.012,72.941
1384,PAN,2001,77.81,72.808
1385,PAN,2000,77.622,72.652
1386,PAN,1999,77.449,72.47
1387,PAN,1998,77.29,72.263
1388,PAN,1997,77.14,72.034
1389,PAN,1996,76.996,71.785
1390,PAN,1995,76.854,71.522
1391,PAN,1994,76.711,71.251
1392,PAN,1993,76.56,70.979
1393,PAN,1992,76.398,70.711
1394,PAN,1991,76.219,70.451
1395,PAN,1990,76.018,70.205
1396,PAN,1989,75.791,69.973
1397,PAN,1988,75.538,69.753
1398,PAN,1987,75.26,69.54
1399,PAN,1986,74.956,69.331
1400,PAN,1985,74.628,69.123
1401,PAN,1984,74.278,68.913
1402,PAN,1983,73.911,68.695
1403,PAN,1982,73.526,68.466
1404,PAN,1981,73.123,68.219
1405,PAN,1980,72.696,67.95
1406,PAN,1979,72.236,67.651
1407,PAN,1978,71.741,67.325
1408,PAN,1977,71.21,66.972
1409,PAN,1976,70.646,66.595
1410,PAN,1975,70.056,66.2
1411,PAN,1974,69.448,65.792
1412,PAN,1973,68.831,65.38
1413,PAN,1972,68.217,64.97
1414,PAN,1971,67.614,64.563
1415,PAN,1970,67.033,64.163
1416,PAN,1969,66.479,63.769
1417,PAN,1968,65.952,63.376
1418,PAN,1967,65.447,62.98
1419,PAN,1966,64.961,62.578
1420,PAN,1965,64.485,62.166
1421,PAN,1964,64.009,61.74
1422,PAN,1963,63.523,61.298
1423,PAN,1962,63.02,60.84
1424,PAN,1961,62.497,60.365
1425,PAN,1960,61.955,59.874
1426,URY,2021,,
1427,URY,2020,81.595,74.29
1428,URY,2019,81.478,74.119
1429,URY,2018,81.359,73.958
1430,URY,2017,81.238,73.805
1431,URY,2016,81.115,73.662
1432,URY,2015,80.992,73.529
1433,URY,2014,80.87,73.405
1434,URY,2013,80.751,73.287
1435,URY,2012,80.632,73.172
1436,URY,2011,80.511,73.054
1437,URY,2010,80.382,72.929
1438,URY,2009,80.239,72.788
1439,URY,2008,80.077,72.63
1440,URY,2007,79.895,72.453
1441,URY,2006,79.694,72.258
1442,URY,2005,79.481,72.049
1443,URY,2004,79.261,71.831
1444,URY,2003,79.043,71.611
1445,URY,2002,78.834,71.394
1446,URY,2001,78.634,71.181
1447,URY,2000,78.443,70.97
1448,URY,1999,78.257,70.753
1449,URY,1998,78.07,70.528
1450,URY,1997,77.878,70.292
1451,URY,1996,77.678,70.049
1452,URY,1995,77.47,69.807
1453,URY,1994,77.257,69.577
1454,URY,1993,77.04,69.368
1455,URY,1992,76.822,69.184
1456,URY,1991,76.603,69.023
1457,URY,1990,76.381,68.882
1458,URY,1989,76.157,68.752
1459,URY,1988,75.927,68.621
1460,URY,1987,75.691,68.48
1461,URY,1986,75.449,68.322
1462,URY,1985,75.197,68.142
1463,URY,1984,74.934,67.934
1464,URY,1983,74.659,67.703
1465,URY,1982,74.376,67.456
1466,URY,1981,74.088,67.198
1467,URY,1980,73.802,66.938
1468,URY,1979,73.521,66.683
1469,URY,1978,73.252,66.443
1470,URY,1977,73.001,66.224
1471,URY,1976,72.773,66.034
1472,URY,1975,72.573,65.876
1473,URY,1974,72.405,65.752
1474,URY,1973,72.269,65.66
1475,URY,1972,72.16,65.592
1476,URY,1971,72.075,65.545
1477,URY,1970,72.012,65.518
1478,URY,1969,71.971,65.51
1479,URY,1968,71.944,65.515
1480,URY,1967,71.921,65.526
1481,URY,1966,71.894,65.533
1482,URY,1965,71.849,65.519
1483,URY,1964,71.771,65.469
1484,URY,1963,71.657,65.378
1485,URY,1962,71.504,65.242
1486,URY,1961,71.314,65.064
1487,URY,1960,71.093,64.852
1488,USA,2021,,
1489,USA,2020,80.2,74.5
1490,USA,2019,81.4,76.3
1491,USA,2018,81.2,76.2
1492,USA,2017,81.1,76.1
1493,USA,2016,81.1,76.1
1494,USA,2015,81.2,76.3
1495,USA,2014,81.3,76.5
1496,USA,2013,81.2,76.4
1497,USA,2012,81.2,76.4
1498,USA,2011,81.1,76.3
1499,USA,2010,81.0,76.2
1500,USA,2009,80.9,76.0
1501,USA,2008,80.6,75.6
1502,USA,2007,80.6,75.5
1503,USA,2006,80.3,75.2
1504,USA,2005,80.1,75.0
1505,USA,2004,80.1,75.0
1506,USA,2003,79.7,74.5
1507,USA,2002,79.6,74.4
1508,USA,2001,79.5,74.3
1509,USA,2000,79.3,74.1
1510,USA,1999,79.4,73.9
1511,USA,1998,79.5,73.8
1512,USA,1997,79.4,73.6
1513,USA,1996,79.1,73.1
1514,USA,1995,78.9,72.5
1515,USA,1994,79.0,72.4
1516,USA,1993,78.8,72.2
1517,USA,1992,79.1,72.3
1518,USA,1991,78.9,72.0
1519,USA,1990,78.8,71.8
1520,USA,1989,78.5,71.7
1521,USA,1988,78.3,71.4
1522,USA,1987,78.3,71.4
1523,USA,1986,78.2,71.2
1524,USA,1985,78.2,71.1
1525,USA,1984,78.2,71.1
1526,USA,1983,78.1,71.0
1527,USA,1982,78.1,70.8
1528,USA,1981,77.8,70.4
1529,USA,1980,77.4,70.0
1530,USA,1979,77.8,70.0
1531,USA,1978,77.3,69.6
1532,USA,1977,77.2,69.5
1533,USA,1976,76.8,69.1
1534,USA,1975,76.6,68.8
1535,USA,1974,75.9,68.2
1536,USA,1973,75.3,67.6
1537,USA,1972,75.1,67.4
1538,USA,1971,75.0,67.4
1539,USA,1970,74.7,67.1
1540,USA,1969,74.4,66.8
1541,USA,1968,74.1,66.0
1542,USA,1967,74.3,67.0
1543,USA,1966,73.9,66.7
1544,USA,1965,73.8,66.8
1545,USA,1964,73.7,66.8
1546,USA,1963,73.4,66.6
1547,USA,1962,73.5,66.9
1548,USA,1961,73.6,67.1
1549,USA,1960,73.1,66.6
1550,ECU,2021,,
1551,ECU,2020,80.023,74.504
1552,ECU,2019,79.838,74.282
1553,ECU,2018,79.645,74.058
1554,ECU,2017,79.442,73.833
1555,ECU,2016,79.233,73.606
1556,ECU,2015,79.021,73.378
1557,ECU,2014,78.81,73.152
1558,ECU,2013,78.604,72.926
1559,ECU,2012,78.407,72.703
1560,ECU,2011,78.217,72.483
1561,ECU,2010,78.036,72.266
1562,ECU,2009,77.863,72.055
1563,ECU,2008,77.694,71.847
1564,ECU,2007,77.521,71.642
1565,ECU,2006,77.339,71.436
1566,ECU,2005,77.14,71.225
1567,ECU,2004,76.914,71.004
1568,ECU,2003,76.658,70.771
1569,ECU,2002,76.37,70.522
1570,ECU,2001,76.048,70.257
1571,ECU,2000,75.696,69.976
1572,ECU,1999,75.318,69.681
1573,ECU,1998,74.923,69.376
1574,ECU,1997,74.516,69.063
1575,ECU,1996,74.098,68.741
1576,ECU,1995,73.672,68.413
1577,ECU,1994,73.233,68.076
1578,ECU,1993,72.78,67.73
1579,ECU,1992,72.308,67.372
1580,ECU,1991,71.817,67.001
1581,ECU,1990,71.304,66.613
1582,ECU,1989,70.768,66.209
1583,ECU,1988,70.209,65.785
1584,ECU,1987,69.632,65.343
1585,ECU,1986,69.04,64.881
1586,ECU,1985,68.438,64.397
1587,ECU,1984,67.831,63.887
1588,ECU,1983,67.224,63.354
1589,ECU,1982,66.621,62.801
1590,ECU,1981,66.026,62.235
1591,ECU,1980,65.44,61.664
1592,ECU,1979,64.864,61.1
1593,ECU,1978,64.295,60.548
1594,ECU,1977,63.731,60.015
1595,ECU,1976,63.169,59.503
1596,ECU,1975,62.606,59.014
1597,ECU,1974,62.038,58.544
1598,ECU,1973,61.465,58.087
1599,ECU,1972,60.886,57.635
1600,ECU,1971,60.303,57.183
1601,ECU,1970,59.722,56.729
1602,ECU,1969,59.149,56.27
1603,ECU,1968,58.591,55.806
1604,ECU,1967,58.048,55.336
1605,ECU,1966,57.519,54.858
1606,ECU,1965,57.0,54.366
1607,ECU,1964,56.481,53.86
1608,ECU,1963,55.956,53.339
1609,ECU,1962,55.418,52.803
1610,ECU,1961,54.864,52.253
1611,ECU,1960,54.295,51.692
1612,MEX,2021,,
1613,MEX,2020,77.934,72.302
1614,MEX,2019,77.879,72.203
1615,MEX,2018,77.844,72.118
1616,MEX,2017,77.827,72.046
1617,MEX,2016,77.826,71.99
1618,MEX,2015,77.837,71.954
1619,MEX,2014,77.86,71.943
1620,MEX,2013,77.89,71.958
1621,MEX,2012,77.922,71.997
1622,MEX,2011,77.952,72.056
1623,MEX,2010,77.979,72.135
1624,MEX,2009,78.004,72.233
1625,MEX,2008,78.026,72.342
1626,MEX,2007,78.039,72.447
1627,MEX,2006,78.035,72.532
1628,MEX,2005,77.999,72.575
1629,MEX,2004,77.912,72.55
1630,MEX,2003,77.768,72.445
1631,MEX,2002,77.564,72.259
1632,MEX,2001,77.304,71.995
1633,MEX,2000,76.999,71.668
1634,MEX,1999,76.664,71.302
1635,MEX,1998,76.32,70.923
1636,MEX,1997,75.982,70.553
1637,MEX,1996,75.657,70.199
1638,MEX,1995,75.348,69.859
1639,MEX,1994,75.052,69.522
1640,MEX,1993,74.758,69.171
1641,MEX,1992,74.458,68.793
1642,MEX,1991,74.148,68.386
1643,MEX,1990,73.83,67.951
1644,MEX,1989,73.506,67.492
1645,MEX,1988,73.178,67.021
1646,MEX,1987,72.845,66.545
1647,MEX,1986,72.503,66.07
1648,MEX,1985,72.148,65.599
1649,MEX,1984,71.773,65.133
1650,MEX,1983,71.373,64.672
1651,MEX,1982,70.943,64.213
1652,MEX,1981,70.479,63.759
1653,MEX,1980,69.974,63.309
1654,MEX,1979,69.422,62.864
1655,MEX,1978,68.825,62.423
1656,MEX,1977,68.191,61.986
1657,MEX,1976,67.53,61.553
1658,MEX,1975,66.854,61.126
1659,MEX,1974,66.177,60.705
1660,MEX,1973,65.512,60.291
1661,MEX,1972,64.873,59.884
1662,MEX,1971,64.269,59.486
1663,MEX,1970,63.713,59.1
1664,MEX,1969,63.214,58.734
1665,MEX,1968,62.766,58.387
1666,MEX,1967,62.355,58.053
1667,MEX,1966,61.968,57.722
1668,MEX,1965,61.588,57.382
1669,MEX,1964,61.194,57.019
1670,MEX,1963,60.768,56.619
1671,MEX,1962,60.291,56.17
1672,MEX,1961,59.75,55.662
1673,MEX,1960,59.139,55.091
1674,CHL,2021,,
1675,CHL,2020,82.522,77.99
1676,CHL,2019,82.442,77.771
1677,CHL,2018,82.381,77.552
1678,CHL,2017,82.333,77.333
1679,CHL,2016,82.293,77.113
1680,CHL,2015,82.25,76.892
1681,CHL,2014,82.191,76.669
1682,CHL,2013,82.106,76.443
1683,CHL,2012,81.99,76.214
1684,CHL,2011,81.841,75.981
1685,CHL,2010,81.661,75.745
1686,CHL,2009,81.458,75.507
1687,CHL,2008,81.242,75.267
1688,CHL,2007,81.021,75.025
1689,CHL,2006,80.8,74.78
1690,CHL,2005,80.579,74.534
1691,CHL,2004,80.355,74.283
1692,CHL,2003,80.123,74.028
1693,CHL,2002,79.881,73.768
1694,CHL,2001,79.628,73.503
1695,CHL,2000,79.364,73.235
1696,CHL,1999,79.089,72.963
1697,CHL,1998,78.808,72.688
1698,CHL,1997,78.521,72.412
1699,CHL,1996,78.232,72.133
1700,CHL,1995,77.943,71.852
1701,CHL,1994,77.657,71.57
1702,CHL,1993,77.376,71.287
1703,CHL,1992,77.097,70.997
1704,CHL,1991,76.818,70.699
1705,CHL,1990,76.538,70.386
1706,CHL,1989,76.258,70.056
1707,CHL,1988,75.97,69.703
1708,CHL,1987,75.668,69.324
1709,CHL,1986,75.343,68.915
1710,CHL,1985,74.983,68.471
1711,CHL,1984,74.577,67.989
1712,CHL,1983,74.117,67.47
1713,CHL,1982,73.604,66.918
1714,CHL,1981,73.038,66.334
1715,CHL,1980,72.422,65.723
1716,CHL,1979,71.762,65.087
1717,CHL,1978,71.07,64.432
1718,CHL,1977,70.36,63.765
1719,CHL,1976,69.643,63.094
1720,CHL,1975,68.925,62.425
1721,CHL,1974,68.212,61.76
1722,CHL,1973,67.505,61.103
1723,CHL,1972,66.808,60.456
1724,CHL,1971,66.125,59.827
1725,CHL,1970,65.463,59.217
1726,CHL,1969,64.825,58.631
1727,CHL,1968,64.209,58.069
1728,CHL,1967,63.617,57.532
1729,CHL,1966,63.047,57.022
1730,CHL,1965,62.502,56.543
1731,CHL,1964,61.979,56.095
1732,CHL,1963,61.477,55.68
1733,CHL,1962,60.991,55.294
1734,CHL,1961,60.519,54.936
1735,CHL,1960,60.056,54.604
1736,CAN,2021,,
1737,CAN,2020,83.9,79.7
1738,CAN,2019,84.2,80.0
1739,CAN,2018,84.2,80.0
1740,CAN,2017,84.0,79.9
1741,CAN,2016,84.0,79.9
1742,CAN,2015,84.0,79.9
1743,CAN,2014,83.9,79.8
1744,CAN,2013,83.9,79.7
1745,CAN,2012,83.8,79.6
1746,CAN,2011,83.6,79.4
1747,CAN,2010,83.5,79.1
1748,CAN,2009,83.3,78.8
1749,CAN,2008,83.0,78.5
1750,CAN,2007,82.9,78.3
1751,CAN,2006,82.7,78.1
1752,CAN,2005,82.6,77.9
1753,CAN,2004,82.3,77.6
1754,CAN,2003,82.2,77.4
1755,CAN,2002,82.0,77.1
1756,CAN,2001,81.9,76.9
1757,CAN,2000,81.8,76.6
1758,CAN,1999,81.6,76.3
1759,CAN,1998,81.4,76.0
1760,CAN,1997,81.3,75.7
1761,CAN,1996,81.1,75.4
1762,CAN,1995,81.0,75.2
1763,CAN,1994,80.9,74.9
1764,CAN,1993,81.0,74.8
1765,CAN,1992,80.9,74.7
1766,CAN,1991,80.9,74.5
1767,CAN,1990,80.7,74.3
1768,CAN,1989,80.5,73.9
1769,CAN,1988,80.3,73.7
1770,CAN,1987,80.1,73.5
1771,CAN,1986,79.9,73.3
1772,CAN,1985,79.8,73.1
1773,CAN,1984,79.7,72.9
1774,CAN,1983,79.6,72.7
1775,CAN,1982,79.4,72.3
1776,CAN,1981,79.1,72.0
1777,CAN,1980,78.73,71.6
1778,CAN,1979,78.59,71.32
1779,CAN,1978,78.32,70.92
1780,CAN,1977,77.97,70.64
1781,CAN,1976,77.59,70.3
1782,CAN,1975,77.23,69.99
1783,CAN,1974,76.91,69.74
1784,CAN,1973,76.83,69.67
1785,CAN,1972,76.55,69.49
1786,CAN,1971,76.63,69.6
1787,CAN,1970,76.25,69.32
1788,CAN,1969,76.01,69.16
1789,CAN,1968,75.78,69.09
1790,CAN,1967,75.66,68.92
1791,CAN,1966,75.39,68.78
1792,CAN,1965,75.14,68.76
1793,CAN,1964,75.08,68.63
1794,CAN,1963,74.5,68.41
1795,CAN,1962,74.43,68.45
1796,CAN,1961,74.45,68.39
1797,CAN,1960,74.15,68.26
1798,COL,2021,,
1799,COL,2020,80.173,74.72
1800,COL,2019,80.019,74.528
1801,COL,2018,79.859,74.33
1802,COL,2017,79.694,74.124
1803,COL,2016,79.523,73.91
1804,COL,2015,79.346,73.686
1805,COL,2014,79.164,73.45
1806,COL,2013,78.978,73.205
1807,COL,2012,78.789,72.95
1808,COL,2011,78.598,72.689
1809,COL,2010,78.405,72.422
1810,COL,2009,78.212,72.154
1811,COL,2008,78.019,71.887
1812,COL,2007,77.825,71.621
1813,COL,2006,77.63,71.354
1814,COL,2005,77.43,71.085
1815,COL,2004,77.223,70.813
1816,COL,2003,77.007,70.533
1817,COL,2002,76.781,70.24
1818,COL,2001,76.544,69.931
1819,COL,2000,76.294,69.594
1820,COL,1999,76.03,69.215
1821,COL,1998,75.754,68.795
1822,COL,1997,75.47,68.341
1823,COL,1996,75.18,67.869
1824,COL,1995,74.89,67.406
1825,COL,1994,74.609,66.986
1826,COL,1993,74.339,66.631
1827,COL,1992,74.079,66.356
1828,COL,1991,73.828,66.16
1829,COL,1990,73.579,66.036
1830,COL,1989,73.325,65.966
1831,COL,1988,73.058,65.917
1832,COL,1987,72.766,65.858
1833,COL,1986,72.443,65.772
1834,COL,1985,72.081,65.64
1835,COL,1984,71.671,65.454
1836,COL,1983,71.215,65.218
1837,COL,1982,70.72,64.938
1838,COL,1981,70.191,64.616
1839,COL,1980,69.638,64.256
1840,COL,1979,69.071,63.868
1841,COL,1978,68.503,63.461
1842,COL,1977,67.942,63.045
1843,COL,1976,67.395,62.625
1844,COL,1975,66.863,62.205
1845,COL,1974,66.343,61.785
1846,COL,1973,65.828,61.36
1847,COL,1972,65.313,60.929
1848,COL,1971,64.797,60.491
1849,COL,1970,64.284,60.047
1850,COL,1969,63.778,59.599
1851,COL,1968,63.282,59.146
1852,COL,1967,62.796,58.688
1853,COL,1966,62.317,58.222
1854,COL,1965,61.843,57.749
1855,COL,1964,61.373,57.27
1856,COL,1963,60.899,56.781
1857,COL,1962,60.414,56.278
1858,COL,1961,59.908,55.754
1859,COL,1960,59.375,55.205
1860,BRA,2021,,
1861,BRA,2020,79.736,72.463
1862,BRA,2019,79.555,72.243
1863,BRA,2018,79.362,72.024
1864,BRA,2017,79.156,71.804
1865,BRA,2016,78.934,71.578
1866,BRA,2015,78.698,71.345
1867,BRA,2014,78.45,71.099
1868,BRA,2013,78.193,70.838
1869,BRA,2012,77.929,70.56
1870,BRA,2011,77.658,70.265
1871,BRA,2010,77.378,69.95
1872,BRA,2009,77.085,69.616
1873,BRA,2008,76.779,69.266
1874,BRA,2007,76.457,68.905
1875,BRA,2006,76.122,68.536
1876,BRA,2005,75.775,68.166
1877,BRA,2004,75.423,67.799
1878,BRA,2003,75.069,67.44
1879,BRA,2002,74.715,67.09
1880,BRA,2001,74.36,66.75
1881,BRA,2000,74.003,66.421
1882,BRA,1999,73.636,66.1
1883,BRA,1998,73.256,65.783
1884,BRA,1997,72.859,65.466
1885,BRA,1996,72.446,65.145
1886,BRA,1995,72.019,64.819
1887,BRA,1994,71.583,64.483
1888,BRA,1993,71.141,64.137
1889,BRA,1992,70.7,63.784
1890,BRA,1991,70.26,63.426
1891,BRA,1990,69.823,63.066
1892,BRA,1989,69.387,62.709
1893,BRA,1988,68.949,62.359
1894,BRA,1987,68.509,62.02
1895,BRA,1986,68.067,61.694
1896,BRA,1985,67.625,61.38
1897,BRA,1984,67.185,61.08
1898,BRA,1983,66.749,60.788
1899,BRA,1982,66.32,60.501
1900,BRA,1981,65.898,60.214
1901,BRA,1980,65.486,59.924
1902,BRA,1979,65.087,59.626
1903,BRA,1978,64.7,59.319
1904,BRA,1977,64.321,59.0
1905,BRA,1976,63.947,58.667
1906,BRA,1975,63.572,58.32
1907,BRA,1974,63.192,57.959
1908,BRA,1973,62.801,57.587
1909,BRA,1972,62.395,57.206
1910,BRA,1971,61.968,56.817
1911,BRA,1970,61.518,56.421
1912,BRA,1969,61.043,56.018
1913,BRA,1968,60.544,55.609
1914,BRA,1967,60.027,55.195
1915,BRA,1966,59.492,54.777
1916,BRA,1965,58.942,54.358
1917,BRA,1964,58.376,53.937
1918,BRA,1963,57.799,53.517
1919,BRA,1962,57.217,53.097
1920,BRA,1961,56.637,52.678
1921,BRA,1960,56.066,52.26
1922,ARG,2021,,
1923,ARG,2020,80.122,73.405
1924,ARG,2019,79.995,73.242
1925,ARG,2018,79.863,73.082
1926,ARG,2017,79.726,72.924
1927,ARG,2016,79.583,72.768
1928,ARG,2015,79.434,72.614
1929,ARG,2014,79.281,72.46
1930,ARG,2013,79.124,72.306
1931,ARG,2012,78.966,72.151
1932,ARG,2011,78.806,71.995
1933,ARG,2010,78.646,71.837
1934,ARG,2009,78.485,71.676
1935,ARG,2008,78.323,71.513
1936,ARG,2007,78.16,71.347
1937,ARG,2006,77.996,71.179
1938,ARG,2005,77.831,71.008
1939,ARG,2004,77.664,70.835
1940,ARG,2003,77.496,70.661
1941,ARG,2002,77.326,70.484
1942,ARG,2001,77.155,70.307
1943,ARG,2000,76.982,70.128
1944,ARG,1999,76.808,69.948
1945,ARG,1998,76.631,69.768
1946,ARG,1997,76.453,69.586
1947,ARG,1996,76.273,69.402
1948,ARG,1995,76.09,69.212
1949,ARG,1994,75.902,69.014
1950,ARG,1993,75.71,68.804
1951,ARG,1992,75.515,68.586
1952,ARG,1991,75.316,68.361
1953,ARG,1990,75.119,68.138
1954,ARG,1989,74.928,67.924
1955,ARG,1988,74.745,67.726
1956,ARG,1987,74.569,67.545
1957,ARG,1986,74.397,67.379
1958,ARG,1985,74.22,67.219
1959,ARG,1984,74.029,67.053
1960,ARG,1983,73.816,66.871
1961,ARG,1982,73.576,66.664
1962,ARG,1981,73.311,66.431
1963,ARG,1980,73.023,66.173
1964,ARG,1979,72.718,65.897
1965,ARG,1978,72.407,65.611
1966,ARG,1977,72.097,65.326
1967,ARG,1976,71.793,65.045
1968,ARG,1975,71.494,64.766
1969,ARG,1974,71.196,64.484
1970,ARG,1973,70.896,64.198
1971,ARG,1972,70.593,63.909
1972,ARG,1971,70.291,63.622
1973,ARG,1970,70.0,63.349
1974,ARG,1969,69.733,63.106
1975,ARG,1968,69.495,62.901
1976,ARG,1967,69.289,62.739
1977,ARG,1966,69.111,62.619
1978,ARG,1965,68.958,62.542
1979,ARG,1964,68.82,62.503
1980,ARG,1963,68.685,62.487
1981,ARG,1962,68.536,62.478
1982,ARG,1961,68.362,62.46
1983,ARG,1960,68.154,62.417
