,country,year,"Mortality rate, infant, female (per 1,000 live births)","Mortality rate, infant, male (per 1,000 live births)"
0,AFG,2021,,
1,AFG,2020,41.5,48.1
2,AFG,2019,42.9,49.6
3,AFG,2018,44.5,51.1
4,AFG,2017,46.1,52.8
5,AFG,2016,47.7,54.6
6,AFG,2015,49.6,56.5
7,AFG,2014,51.6,58.6
8,AFG,2013,53.6,60.8
9,AFG,2012,55.7,63.0
10,AFG,2011,57.9,65.4
11,AFG,2010,60.3,67.9
12,AFG,2009,62.6,70.6
13,AFG,2008,65.0,73.3
14,AFG,2007,67.5,76.1
15,AFG,2006,70.1,78.9
16,AFG,2005,72.7,81.7
17,AFG,2004,75.3,84.6
18,AFG,2003,77.8,87.3
19,AFG,2002,80.4,90.1
20,AFG,2001,82.7,92.9
21,AFG,2000,85.0,95.6
22,AFG,1999,87.4,98.3
23,AFG,1998,89.9,101.0
24,AFG,1997,92.4,103.8
25,AFG,1996,95.1,106.7
26,AFG,1995,98.1,109.4
27,AFG,1994,101.1,112.5
28,AFG,1993,104.3,115.7
29,AFG,1992,107.7,119.0
30,AFG,1991,111.1,122.7
31,AFG,1990,114.9,126.5
32,AFG,1989,118.7,130.6
33,AFG,1988,122.6,134.8
34,AFG,1987,126.5,139.2
35,AFG,1986,130.6,143.5
36,AFG,1985,134.5,147.8
37,AFG,1984,138.5,152.0
38,AFG,1983,142.5,156.3
39,AFG,1982,146.5,160.7
40,AFG,1981,150.6,165.2
41,AFG,1980,154.6,169.6
42,AFG,1979,158.6,174.1
43,AFG,1978,162.6,178.5
44,AFG,1977,166.5,182.7
45,AFG,1976,170.3,186.9
46,AFG,1975,174.0,191.0
47,AFG,1974,177.7,195.1
48,AFG,1973,181.3,199.5
49,AFG,1972,185.1,203.5
50,AFG,1971,188.8,207.5
51,AFG,1970,192.4,211.5
52,AFG,1969,196.1,215.6
53,AFG,1968,199.6,219.6
54,AFG,1967,203.2,223.6
55,AFG,1966,207.0,227.7
56,AFG,1965,210.6,231.7
57,AFG,1964,214.2,235.9
58,AFG,1963,217.9,240.0
59,AFG,1962,221.8,244.3
60,AFG,1961,225.8,248.4
61,AFG,1960,,
62,IND,2021,,
63,IND,2020,26.8,27.2
64,IND,2019,28.2,28.4
65,IND,2018,29.7,29.8
66,IND,2017,31.5,31.3
67,IND,2016,33.3,33.0
68,IND,2015,35.2,34.7
69,IND,2014,37.2,36.5
70,IND,2013,39.3,38.3
71,IND,2012,41.5,40.3
72,IND,2011,43.7,42.3
73,IND,2010,46.0,44.3
74,IND,2009,48.0,46.5
75,IND,2008,50.2,48.6
76,IND,2007,52.4,50.7
77,IND,2006,54.4,52.9
78,IND,2005,56.6,54.8
79,IND,2004,58.4,57.2
80,IND,2003,61.0,58.9
81,IND,2002,63.0,61.3
82,IND,2001,64.9,63.9
83,IND,2000,66.9,66.4
84,IND,1999,68.7,69.2
85,IND,1998,71.3,71.2
86,IND,1997,73.3,73.7
87,IND,1996,75.2,76.3
88,IND,1995,77.2,78.7
89,IND,1994,78.9,81.1
90,IND,1993,80.6,83.5
91,IND,1992,82.4,85.9
92,IND,1991,84.3,88.4
93,IND,1990,86.3,90.8
94,IND,1989,88.6,93.2
95,IND,1988,90.9,95.7
96,IND,1987,93.4,98.3
97,IND,1986,95.5,101.1
98,IND,1985,97.6,104.0
99,IND,1984,99.9,106.6
100,IND,1983,102.3,109.3
101,IND,1982,105.1,111.9
102,IND,1981,108.0,114.8
103,IND,1980,111.1,118.0
104,IND,1979,114.3,121.4
105,IND,1978,117.4,124.9
106,IND,1977,120.6,128.6
107,IND,1976,123.9,131.9
108,IND,1975,127.1,134.8
109,IND,1974,130.1,137.5
110,IND,1973,132.8,139.9
111,IND,1972,135.0,142.4
112,IND,1971,136.9,144.7
113,IND,1970,138.7,146.9
114,IND,1969,140.4,148.8
115,IND,1968,142.0,150.7
116,IND,1967,143.6,152.4
117,IND,1966,145.3,154.2
118,IND,1965,147.1,155.9
119,IND,1964,148.8,157.7
120,IND,1963,150.7,159.6
121,IND,1962,152.7,161.7
122,IND,1961,154.9,163.9
123,IND,1960,157.2,166.2
124,MYS,2021,,
125,MYS,2020,6.8,8.0
126,MYS,2019,6.7,7.9
127,MYS,2018,6.6,7.8
128,MYS,2017,6.5,7.6
129,MYS,2016,6.4,7.5
130,MYS,2015,6.3,7.5
131,MYS,2014,6.2,7.4
132,MYS,2013,6.1,7.4
133,MYS,2012,6.1,7.5
134,MYS,2011,6.2,7.5
135,MYS,2010,6.2,7.6
136,MYS,2009,6.2,7.6
137,MYS,2008,6.2,7.6
138,MYS,2007,6.2,7.6
139,MYS,2006,6.2,7.6
140,MYS,2005,6.3,7.7
141,MYS,2004,6.4,7.8
142,MYS,2003,6.6,8.0
143,MYS,2002,6.8,8.4
144,MYS,2001,7.2,8.9
145,MYS,2000,7.8,9.6
146,MYS,1999,8.4,10.4
147,MYS,1998,9.0,11.2
148,MYS,1997,9.5,11.8
149,MYS,1996,9.9,12.3
150,MYS,1995,10.2,12.7
151,MYS,1994,10.6,13.2
152,MYS,1993,11.0,13.7
153,MYS,1992,11.5,14.4
154,MYS,1991,12.1,15.1
155,MYS,1990,12.6,15.8
156,MYS,1989,13.2,16.6
157,MYS,1988,13.9,17.4
158,MYS,1987,14.6,18.3
159,MYS,1986,15.4,19.3
160,MYS,1985,16.3,20.5
161,MYS,1984,17.4,21.7
162,MYS,1983,18.5,23.1
163,MYS,1982,19.7,24.6
164,MYS,1981,21.0,26.2
165,MYS,1980,22.4,27.9
166,MYS,1979,23.9,29.7
167,MYS,1978,25.5,31.5
168,MYS,1977,27.0,33.4
169,MYS,1976,28.7,35.4
170,MYS,1975,30.4,37.4
171,MYS,1974,32.2,39.5
172,MYS,1973,34.0,41.6
173,MYS,1972,35.7,43.6
174,MYS,1971,37.4,45.5
175,MYS,1970,38.9,47.3
176,MYS,1969,40.3,49.0
177,MYS,1968,41.7,50.6
178,MYS,1967,43.3,52.4
179,MYS,1966,45.0,54.3
180,MYS,1965,46.9,56.6
181,MYS,1964,49.2,59.2
182,MYS,1963,51.9,62.3
183,MYS,1962,55.0,65.8
184,MYS,1961,58.4,69.6
185,MYS,1960,62.1,73.8
186,KOR,2021,,
187,KOR,2020,2.3,2.8
188,KOR,2019,2.4,2.9
189,KOR,2018,2.5,3.0
190,KOR,2017,2.6,3.1
191,KOR,2016,2.7,3.2
192,KOR,2015,2.7,3.3
193,KOR,2014,2.8,3.3
194,KOR,2013,2.9,3.4
195,KOR,2012,3.0,3.5
196,KOR,2011,3.1,3.7
197,KOR,2010,3.2,3.8
198,KOR,2009,3.4,3.9
199,KOR,2008,3.6,4.1
200,KOR,2007,3.8,4.4
201,KOR,2006,4.1,4.7
202,KOR,2005,4.4,5.1
203,KOR,2004,4.8,5.4
204,KOR,2003,5.1,5.8
205,KOR,2002,5.4,6.2
206,KOR,2001,5.7,6.5
207,KOR,2000,6.0,6.9
208,KOR,1999,6.4,7.3
209,KOR,1998,6.8,7.8
210,KOR,1997,7.2,8.3
211,KOR,1996,7.7,8.9
212,KOR,1995,8.3,9.7
213,KOR,1994,8.9,10.5
214,KOR,1993,9.7,11.3
215,KOR,1992,10.5,12.3
216,KOR,1991,11.3,13.4
217,KOR,1990,12.3,14.5
218,KOR,1989,13.3,15.9
219,KOR,1988,14.5,17.3
220,KOR,1987,15.9,18.9
221,KOR,1986,17.4,20.7
222,KOR,1985,18.9,22.6
223,KOR,1984,20.6,24.5
224,KOR,1983,22.3,26.5
225,KOR,1982,23.9,28.4
226,KOR,1981,25.6,30.3
227,KOR,1980,27.1,32.1
228,KOR,1979,28.6,33.8
229,KOR,1978,29.9,35.3
230,KOR,1977,31.2,36.8
231,KOR,1976,32.4,38.2
232,KOR,1975,33.7,39.6
233,KOR,1974,35.1,41.2
234,KOR,1973,36.7,43.0
235,KOR,1972,38.6,45.1
236,KOR,1971,40.8,47.7
237,KOR,1970,43.5,50.7
238,KOR,1969,46.4,54.0
239,KOR,1968,49.5,57.4
240,KOR,1967,52.7,60.9
241,KOR,1966,55.9,64.5
242,KOR,1965,59.1,68.0
243,KOR,1964,62.1,71.3
244,KOR,1963,65.0,74.6
245,KOR,1962,67.9,77.7
246,KOR,1961,70.9,81.0
247,KOR,1960,74.2,84.6
248,JPN,2021,,
249,JPN,2020,1.7,1.9
250,JPN,2019,1.8,1.9
251,JPN,2018,1.8,2.0
252,JPN,2017,1.8,2.0
253,JPN,2016,1.9,2.0
254,JPN,2015,1.9,2.1
255,JPN,2014,2.0,2.2
256,JPN,2013,2.0,2.2
257,JPN,2012,2.1,2.3
258,JPN,2011,2.2,2.4
259,JPN,2010,2.2,2.5
260,JPN,2009,2.3,2.6
261,JPN,2008,2.4,2.7
262,JPN,2007,2.4,2.8
263,JPN,2006,2.5,2.8
264,JPN,2005,2.6,2.9
265,JPN,2004,2.6,3.0
266,JPN,2003,2.7,3.1
267,JPN,2002,2.8,3.2
268,JPN,2001,2.9,3.4
269,JPN,2000,3.0,3.5
270,JPN,1999,3.2,3.7
271,JPN,1998,3.3,3.9
272,JPN,1997,3.5,4.1
273,JPN,1996,3.6,4.3
274,JPN,1995,3.8,4.4
275,JPN,1994,3.9,4.6
276,JPN,1993,4.0,4.7
277,JPN,1992,4.1,4.8
278,JPN,1991,4.2,4.8
279,JPN,1990,4.2,4.9
280,JPN,1989,4.3,5.0
281,JPN,1988,4.4,5.2
282,JPN,1987,4.6,5.4
283,JPN,1986,4.8,5.6
284,JPN,1985,5.0,6.0
285,JPN,1984,5.2,6.4
286,JPN,1983,5.5,6.8
287,JPN,1982,5.9,7.2
288,JPN,1981,6.2,7.7
289,JPN,1980,6.5,8.2
290,JPN,1979,6.9,8.7
291,JPN,1978,7.3,9.3
292,JPN,1977,7.8,9.9
293,JPN,1976,8.2,10.5
294,JPN,1975,8.7,11.2
295,JPN,1974,9.2,11.9
296,JPN,1973,9.8,12.6
297,JPN,1972,10.3,13.4
298,JPN,1971,11.0,14.2
299,JPN,1970,11.6,15.0
300,JPN,1969,12.4,15.9
301,JPN,1968,13.2,17.0
302,JPN,1967,14.2,18.2
303,JPN,1966,15.4,19.6
304,JPN,1965,16.8,21.3
305,JPN,1964,18.6,23.3
306,JPN,1963,20.6,25.5
307,JPN,1962,22.8,28.0
308,JPN,1961,24.9,30.8
309,JPN,1960,27.3,33.3
310,CHN,2021,,
311,CHN,2020,5.1,5.8
312,CHN,2019,5.6,6.3
313,CHN,2018,6.1,6.8
314,CHN,2017,6.6,7.4
315,CHN,2016,7.1,8.1
316,CHN,2015,7.7,8.8
317,CHN,2014,8.4,9.6
318,CHN,2013,9.1,10.4
319,CHN,2012,9.9,11.3
320,CHN,2011,10.7,12.3
321,CHN,2010,11.7,13.3
322,CHN,2009,12.7,14.5
323,CHN,2008,13.8,15.8
324,CHN,2007,15.1,17.2
325,CHN,2006,16.5,18.8
326,CHN,2005,18.1,20.7
327,CHN,2004,20.0,22.7
328,CHN,2003,22.0,24.9
329,CHN,2002,24.0,27.1
330,CHN,2001,26.1,29.4
331,CHN,2000,28.2,31.6
332,CHN,1999,30.1,33.6
333,CHN,1998,31.8,35.5
334,CHN,1997,33.4,37.2
335,CHN,1996,34.9,38.9
336,CHN,1995,36.3,40.4
337,CHN,1994,37.6,41.8
338,CHN,1993,38.7,43.0
339,CHN,1992,39.6,43.9
340,CHN,1991,40.1,44.6
341,CHN,1990,40.4,44.8
342,CHN,1989,40.4,44.7
343,CHN,1988,40.2,44.6
344,CHN,1987,39.9,44.2
345,CHN,1986,39.7,44.0
346,CHN,1985,39.6,44.0
347,CHN,1984,39.8,44.2
348,CHN,1983,40.4,44.9
349,CHN,1982,41.3,45.9
350,CHN,1981,42.6,47.4
351,CHN,1980,44.3,49.3
352,CHN,1979,46.4,51.6
353,CHN,1978,49.0,54.3
354,CHN,1977,51.9,57.5
355,CHN,1976,55.0,60.9
356,CHN,1975,58.5,64.6
357,CHN,1974,62.0,68.4
358,CHN,1973,65.5,72.1
359,CHN,1972,68.9,75.8
360,CHN,1971,72.3,79.5
361,CHN,1970,75.9,83.1
362,CHN,1969,79.5,86.9
363,CHN,1968,,
364,CHN,1967,,
365,CHN,1966,,
366,CHN,1965,,
367,CHN,1964,,
368,CHN,1963,,
369,CHN,1962,,
370,CHN,1961,,
371,CHN,1960,,
372,ETH,2021,,
373,ETH,2020,30.3,40.2
374,ETH,2019,31.3,41.6
375,ETH,2018,32.5,43.2
376,ETH,2017,33.8,45.0
377,ETH,2016,35.3,47.0
378,ETH,2015,36.9,49.1
379,ETH,2014,38.6,51.4
380,ETH,2013,40.4,53.7
381,ETH,2012,42.4,56.2
382,ETH,2011,44.5,58.9
383,ETH,2010,46.6,61.6
384,ETH,2009,48.9,64.6
385,ETH,2008,51.4,67.7
386,ETH,2007,54.2,71.0
387,ETH,2006,57.1,74.5
388,ETH,2005,60.3,78.2
389,ETH,2004,63.6,82.1
390,ETH,2003,67.0,86.0
391,ETH,2002,70.3,89.8
392,ETH,2001,73.5,93.5
393,ETH,2000,76.7,97.1
394,ETH,1999,79.7,100.5
395,ETH,1998,82.7,103.8
396,ETH,1997,85.7,107.5
397,ETH,1996,88.9,111.2
398,ETH,1995,92.2,115.0
399,ETH,1994,95.6,118.7
400,ETH,1993,98.9,122.4
401,ETH,1992,102.0,125.9
402,ETH,1991,104.8,128.9
403,ETH,1990,107.4,131.5
404,ETH,1989,109.8,134.0
405,ETH,1988,112.1,136.3
406,ETH,1987,114.3,138.6
407,ETH,1986,116.1,141.2
408,ETH,1985,118.1,143.9
409,ETH,1984,120.1,146.6
410,ETH,1983,122.3,149.6
411,ETH,1982,124.5,151.9
412,ETH,1981,126.4,154.0
413,ETH,1980,128.0,155.7
414,ETH,1979,129.1,156.8
415,ETH,1978,130.0,157.6
416,ETH,1977,130.5,158.0
417,ETH,1976,130.9,158.1
418,ETH,1975,131.1,158.3
419,ETH,1974,131.4,158.5
420,ETH,1973,131.6,158.6
421,ETH,1972,131.8,158.7
422,ETH,1971,132.0,158.8
423,ETH,1970,132.3,159.0
424,ETH,1969,132.6,159.3
425,ETH,1968,132.9,159.3
426,ETH,1967,133.3,159.4
427,ETH,1966,133.5,159.8
428,ETH,1965,,
429,ETH,1964,,
430,ETH,1963,,
431,ETH,1962,,
432,ETH,1961,,
433,ETH,1960,,
434,ZAF,2021,,
435,ZAF,2020,23.6,27.8
436,ZAF,2019,24.2,28.4
437,ZAF,2018,24.7,29.0
438,ZAF,2017,25.4,29.7
439,ZAF,2016,25.8,30.1
440,ZAF,2015,26.4,30.7
441,ZAF,2014,27.2,31.6
442,ZAF,2013,27.8,32.3
443,ZAF,2012,28.7,33.2
444,ZAF,2011,29.7,34.4
445,ZAF,2010,31.9,36.8
446,ZAF,2009,35.7,41.0
447,ZAF,2008,40.1,45.8
448,ZAF,2007,43.5,49.6
449,ZAF,2006,45.5,51.8
450,ZAF,2005,46.1,52.5
451,ZAF,2004,46.1,52.5
452,ZAF,2003,45.1,51.5
453,ZAF,2002,44.6,51.1
454,ZAF,2001,44.4,51.1
455,ZAF,2000,44.2,50.9
456,ZAF,1999,44.0,50.8
457,ZAF,1998,43.4,50.3
458,ZAF,1997,43.0,50.1
459,ZAF,1996,42.6,49.9
460,ZAF,1995,42.0,49.4
461,ZAF,1994,41.5,49.1
462,ZAF,1993,41.3,48.9
463,ZAF,1992,41.4,49.1
464,ZAF,1991,41.8,49.8
465,ZAF,1990,42.7,50.9
466,ZAF,1989,43.9,52.3
467,ZAF,1988,45.4,54.0
468,ZAF,1987,47.0,55.9
469,ZAF,1986,48.8,58.1
470,ZAF,1985,50.7,60.3
471,ZAF,1984,52.8,62.7
472,ZAF,1983,55.1,65.2
473,ZAF,1982,57.6,68.0
474,ZAF,1981,60.3,71.0
475,ZAF,1980,63.2,74.1
476,ZAF,1979,66.2,77.5
477,ZAF,1978,69.5,81.2
478,ZAF,1977,73.0,85.0
479,ZAF,1976,76.6,88.9
480,ZAF,1975,80.6,93.1
481,ZAF,1974,84.7,97.6
482,ZAF,1973,,
483,ZAF,1972,,
484,ZAF,1971,,
485,ZAF,1970,,
486,ZAF,1969,,
487,ZAF,1968,,
488,ZAF,1967,,
489,ZAF,1966,,
490,ZAF,1965,,
491,ZAF,1964,,
492,ZAF,1963,,
493,ZAF,1962,,
494,ZAF,1961,,
495,ZAF,1960,,
496,NGA,2021,,
497,NGA,2020,65.7,78.6
498,NGA,2019,67.2,80.4
499,NGA,2018,68.8,82.2
500,NGA,2017,70.1,83.7
501,NGA,2016,71.3,85.0
502,NGA,2015,72.1,86.1
503,NGA,2014,72.8,87.0
504,NGA,2013,73.6,88.0
505,NGA,2012,74.4,89.0
506,NGA,2011,75.4,90.3
507,NGA,2010,76.5,91.7
508,NGA,2009,78.0,93.4
509,NGA,2008,79.6,95.4
510,NGA,2007,81.4,97.8
511,NGA,2006,83.5,100.5
512,NGA,2005,86.1,103.3
513,NGA,2004,89.0,106.3
514,NGA,2003,92.0,109.2
515,NGA,2002,95.0,112.2
516,NGA,2001,97.9,115.3
517,NGA,2000,100.9,118.4
518,NGA,1999,103.4,121.6
519,NGA,1998,105.9,124.6
520,NGA,1997,108.3,127.0
521,NGA,1996,110.1,129.2
522,NGA,1995,111.5,130.9
523,NGA,1994,112.4,132.2
524,NGA,1993,113.1,133.1
525,NGA,1992,113.4,133.8
526,NGA,1991,113.6,134.4
527,NGA,1990,114.0,134.6
528,NGA,1989,114.3,134.6
529,NGA,1988,114.2,134.5
530,NGA,1987,114.0,134.2
531,NGA,1986,113.7,133.5
532,NGA,1985,113.3,133.0
533,NGA,1984,113.1,132.5
534,NGA,1983,113.3,132.3
535,NGA,1982,113.9,132.7
536,NGA,1981,114.8,133.8
537,NGA,1980,116.5,135.6
538,NGA,1979,118.6,138.1
539,NGA,1978,121.5,141.4
540,NGA,1977,124.8,145.3
541,NGA,1976,128.8,149.6
542,NGA,1975,133.1,154.5
543,NGA,1974,137.7,159.7
544,NGA,1973,142.4,164.9
545,NGA,1972,147.1,170.2
546,NGA,1971,151.6,175.5
547,NGA,1970,156.2,180.6
548,NGA,1969,160.3,185.3
549,NGA,1968,164.4,189.8
550,NGA,1967,168.4,194.3
551,NGA,1966,172.2,198.5
552,NGA,1965,176.0,202.7
553,NGA,1964,179.9,207.3
554,NGA,1963,,
555,NGA,1962,,
556,NGA,1961,,
557,NGA,1960,,
558,CMR,2021,,
559,CMR,2020,43.1,53.2
560,CMR,2019,44.6,55.0
561,CMR,2018,45.9,56.5
562,CMR,2017,47.5,58.5
563,CMR,2016,49.4,60.7
564,CMR,2015,51.1,62.6
565,CMR,2014,53.3,65.3
566,CMR,2013,55.2,67.6
567,CMR,2012,57.6,70.4
568,CMR,2011,59.8,73.0
569,CMR,2010,61.7,75.2
570,CMR,2009,64.0,77.9
571,CMR,2008,65.5,79.6
572,CMR,2007,67.3,81.6
573,CMR,2006,68.8,83.3
574,CMR,2005,70.5,85.3
575,CMR,2004,72.0,87.0
576,CMR,2003,73.9,89.1
577,CMR,2002,75.8,91.3
578,CMR,2001,77.6,93.5
579,CMR,2000,79.3,95.5
580,CMR,1999,80.6,97.2
581,CMR,1998,81.5,98.4
582,CMR,1997,81.7,98.9
583,CMR,1996,81.6,98.8
584,CMR,1995,81.1,98.3
585,CMR,1994,80.4,97.4
586,CMR,1993,79.5,96.1
587,CMR,1992,78.4,94.6
588,CMR,1991,77.3,93.2
589,CMR,1990,76.7,92.3
590,CMR,1989,76.4,92.3
591,CMR,1988,76.9,93.0
592,CMR,1987,78.2,94.6
593,CMR,1986,80.2,97.0
594,CMR,1985,82.8,100.0
595,CMR,1984,86.0,103.4
596,CMR,1983,89.4,107.0
597,CMR,1982,92.6,110.5
598,CMR,1981,95.6,113.8
599,CMR,1980,98.4,116.8
600,CMR,1979,100.6,119.1
601,CMR,1978,102.4,120.8
602,CMR,1977,103.5,121.8
603,CMR,1976,104.4,122.4
604,CMR,1975,105.0,122.9
605,CMR,1974,106.0,123.5
606,CMR,1973,107.4,124.8
607,CMR,1972,109.8,126.8
608,CMR,1971,113.0,129.8
609,CMR,1970,117.1,133.8
610,CMR,1969,121.7,138.7
611,CMR,1968,126.6,144.0
612,CMR,1967,131.5,149.3
613,CMR,1966,136.1,154.1
614,CMR,1965,139.9,158.3
615,CMR,1964,142.9,161.9
616,CMR,1963,145.4,165.0
617,CMR,1962,147.8,167.9
618,CMR,1961,150.5,171.3
619,CMR,1960,153.9,175.5
620,EGY,2021,,
621,EGY,2020,15.4,17.8
622,EGY,2019,16.0,18.4
623,EGY,2018,16.5,19.1
624,EGY,2017,17.1,19.7
625,EGY,2016,17.7,20.4
626,EGY,2015,18.4,21.1
627,EGY,2014,19.1,21.9
628,EGY,2013,19.8,22.7
629,EGY,2012,20.6,23.6
630,EGY,2011,21.5,24.5
631,EGY,2010,22.4,25.5
632,EGY,2009,23.4,26.5
633,EGY,2008,24.4,27.5
634,EGY,2007,25.4,28.6
635,EGY,2006,26.5,29.8
636,EGY,2005,27.6,31.0
637,EGY,2004,28.8,32.3
638,EGY,2003,30.1,33.8
639,EGY,2002,31.5,35.4
640,EGY,2001,33.2,37.2
641,EGY,2000,35.0,39.1
642,EGY,1999,37.1,41.2
643,EGY,1998,39.4,43.4
644,EGY,1997,41.9,45.9
645,EGY,1996,44.6,48.4
646,EGY,1995,47.5,51.1
647,EGY,1994,50.4,53.8
648,EGY,1993,53.3,56.4
649,EGY,1992,55.9,59.1
650,EGY,1991,58.4,61.8
651,EGY,1990,60.9,64.6
652,EGY,1989,63.7,67.8
653,EGY,1988,66.9,71.3
654,EGY,1987,71.0,75.5
655,EGY,1986,75.7,80.6
656,EGY,1985,81.2,86.5
657,EGY,1984,87.5,92.8
658,EGY,1983,93.9,99.2
659,EGY,1982,100.2,105.4
660,EGY,1981,106.1,111.6
661,EGY,1980,112.0,117.4
662,EGY,1979,117.9,123.1
663,EGY,1978,124.0,129.2
664,EGY,1977,130.4,135.4
665,EGY,1976,136.8,141.5
666,EGY,1975,143.0,147.2
667,EGY,1974,148.7,152.4
668,EGY,1973,153.6,157.0
669,EGY,1972,157.3,160.7
670,EGY,1971,160.2,163.6
671,EGY,1970,162.5,166.2
672,EGY,1969,164.5,168.8
673,EGY,1968,166.8,171.5
674,EGY,1967,169.7,174.7
675,EGY,1966,173.3,178.7
676,EGY,1965,177.7,183.6
677,EGY,1964,183.0,189.5
678,EGY,1963,188.8,196.1
679,EGY,1962,195.2,203.2
680,EGY,1961,201.8,210.6
681,EGY,1960,208.5,218.0
682,AGO,2021,,
683,AGO,2020,43.1,53.4
684,AGO,2019,44.5,55.2
685,AGO,2018,46.2,56.9
686,AGO,2017,47.9,58.9
687,AGO,2016,49.7,60.9
688,AGO,2015,51.8,63.5
689,AGO,2014,54.1,66.5
690,AGO,2013,57.0,69.8
691,AGO,2012,60.4,73.9
692,AGO,2011,64.3,78.3
693,AGO,2010,68.3,83.0
694,AGO,2009,72.7,88.0
695,AGO,2008,77.4,93.4
696,AGO,2007,82.1,98.6
697,AGO,2006,86.9,104.0
698,AGO,2005,91.7,109.5
699,AGO,2004,96.4,114.5
700,AGO,2003,100.8,119.2
701,AGO,2002,104.7,123.6
702,AGO,2001,108.4,127.5
703,AGO,2000,111.6,131.0
704,AGO,1999,114.3,133.9
705,AGO,1998,116.5,136.4
706,AGO,1997,118.4,138.5
707,AGO,1996,119.8,139.9
708,AGO,1995,120.9,140.8
709,AGO,1994,121.4,141.2
710,AGO,1993,121.7,141.2
711,AGO,1992,121.8,141.1
712,AGO,1991,121.8,141.0
713,AGO,1990,121.8,141.1
714,AGO,1989,122.0,141.2
715,AGO,1988,122.2,141.3
716,AGO,1987,122.5,141.6
717,AGO,1986,123.0,142.1
718,AGO,1985,123.7,142.8
719,AGO,1984,124.6,144.0
720,AGO,1983,125.8,145.2
721,AGO,1982,127.2,146.9
722,AGO,1981,128.5,148.4
723,AGO,1980,130.0,150.2
724,AGO,1979,,
725,AGO,1978,,
726,AGO,1977,,
727,AGO,1976,,
728,AGO,1975,,
729,AGO,1974,,
730,AGO,1973,,
731,AGO,1972,,
732,AGO,1971,,
733,AGO,1970,,
734,AGO,1969,,
735,AGO,1968,,
736,AGO,1967,,
737,AGO,1966,,
738,AGO,1965,,
739,AGO,1964,,
740,AGO,1963,,
741,AGO,1962,,
742,AGO,1961,,
743,AGO,1960,,
744,RUS,2021,,
745,RUS,2020,3.9,4.8
746,RUS,2019,4.2,5.2
747,RUS,2018,4.6,5.6
748,RUS,2017,5.0,6.1
749,RUS,2016,5.4,6.7
750,RUS,2015,5.9,7.3
751,RUS,2014,6.4,7.9
752,RUS,2013,6.7,8.4
753,RUS,2012,7.0,8.8
754,RUS,2011,7.2,9.0
755,RUS,2010,7.4,9.3
756,RUS,2009,7.6,9.6
757,RUS,2008,7.9,10.0
758,RUS,2007,8.3,10.7
759,RUS,2006,8.9,11.5
760,RUS,2005,9.6,12.5
761,RUS,2004,10.3,13.5
762,RUS,2003,11.2,14.6
763,RUS,2002,11.9,15.7
764,RUS,2001,12.6,16.7
765,RUS,2000,13.3,17.6
766,RUS,1999,13.9,18.2
767,RUS,1998,14.2,18.8
768,RUS,1997,14.5,19.3
769,RUS,1996,14.7,19.7
770,RUS,1995,15.0,19.9
771,RUS,1994,15.0,20.0
772,RUS,1993,15.0,19.9
773,RUS,1992,14.7,19.8
774,RUS,1991,14.6,19.8
775,RUS,1990,14.6,19.9
776,RUS,1989,14.8,20.2
777,RUS,1988,15.2,20.8
778,RUS,1987,15.7,21.6
779,RUS,1986,16.3,22.3
780,RUS,1985,16.9,22.9
781,RUS,1984,17.4,23.4
782,RUS,1983,17.8,23.8
783,RUS,1982,18.0,24.3
784,RUS,1981,18.3,24.8
785,RUS,1980,18.8,25.2
786,RUS,1979,19.2,25.6
787,RUS,1978,19.6,26.1
788,RUS,1977,20.1,26.7
789,RUS,1976,20.6,27.4
790,RUS,1975,21.3,28.1
791,RUS,1974,22.0,29.1
792,RUS,1973,22.9,30.1
793,RUS,1972,23.9,31.4
794,RUS,1971,24.9,32.7
795,RUS,1970,26.1,34.1
796,RUS,1969,,
797,RUS,1968,,
798,RUS,1967,,
799,RUS,1966,,
800,RUS,1965,,
801,RUS,1964,,
802,RUS,1963,,
803,RUS,1962,,
804,RUS,1961,,
805,RUS,1960,,
806,UKR,2021,,
807,UKR,2020,6.2,7.6
808,UKR,2019,6.4,7.9
809,UKR,2018,6.6,8.1
810,UKR,2017,6.8,8.4
811,UKR,2016,7.0,8.7
812,UKR,2015,7.2,9.0
813,UKR,2014,7.5,9.3
814,UKR,2013,7.8,9.7
815,UKR,2012,8.1,10.1
816,UKR,2011,8.5,10.6
817,UKR,2010,9.0,11.2
818,UKR,2009,9.4,11.7
819,UKR,2008,9.8,12.3
820,UKR,2007,10.2,12.8
821,UKR,2006,10.6,13.3
822,UKR,2005,11.0,13.9
823,UKR,2004,11.5,14.4
824,UKR,2003,12.0,15.1
825,UKR,2002,12.6,15.9
826,UKR,2001,13.2,16.7
827,UKR,2000,13.8,17.4
828,UKR,1999,14.4,18.1
829,UKR,1998,14.8,18.7
830,UKR,1997,15.1,19.1
831,UKR,1996,15.3,19.3
832,UKR,1995,15.2,19.2
833,UKR,1994,15.1,19.1
834,UKR,1993,14.9,18.8
835,UKR,1992,14.7,18.6
836,UKR,1991,14.6,18.4
837,UKR,1990,14.6,18.4
838,UKR,1989,14.7,18.6
839,UKR,1988,15.0,19.0
840,UKR,1987,15.4,19.5
841,UKR,1986,16.0,20.2
842,UKR,1985,16.6,21.0
843,UKR,1984,17.2,21.7
844,UKR,1983,17.9,22.6
845,UKR,1982,18.5,23.4
846,UKR,1981,19.1,24.1
847,UKR,1980,19.6,24.7
848,UKR,1979,20.0,25.2
849,UKR,1978,20.4,25.7
850,UKR,1977,20.8,26.2
851,UKR,1976,21.2,26.6
852,UKR,1975,21.6,27.2
853,UKR,1974,22.2,27.8
854,UKR,1973,22.7,28.6
855,UKR,1972,23.4,29.3
856,UKR,1971,24.1,30.2
857,UKR,1970,,
858,UKR,1969,,
859,UKR,1968,,
860,UKR,1967,,
861,UKR,1966,,
862,UKR,1965,,
863,UKR,1964,,
864,UKR,1963,,
865,UKR,1962,,
866,UKR,1961,,
867,UKR,1960,,
868,CHE,2021,,
869,CHE,2020,3.2,3.8
870,CHE,2019,3.3,3.8
871,CHE,2018,3.3,3.9
872,CHE,2017,3.3,3.9
873,CHE,2016,3.4,4.0
874,CHE,2015,3.4,4.0
875,CHE,2014,3.5,4.1
876,CHE,2013,3.5,4.1
877,CHE,2012,3.5,4.1
878,CHE,2011,3.6,4.2
879,CHE,2010,3.6,4.2
880,CHE,2009,3.6,4.3
881,CHE,2008,3.7,4.4
882,CHE,2007,3.8,4.4
883,CHE,2006,3.8,4.5
884,CHE,2005,3.9,4.6
885,CHE,2004,4.0,4.8
886,CHE,2003,4.0,4.9
887,CHE,2002,4.1,5.0
888,CHE,2001,4.2,5.1
889,CHE,2000,4.2,5.1
890,CHE,1999,4.3,5.2
891,CHE,1998,4.3,5.3
892,CHE,1997,4.4,5.4
893,CHE,1996,4.5,5.6
894,CHE,1995,4.7,5.8
895,CHE,1994,4.9,6.1
896,CHE,1993,5.1,6.4
897,CHE,1992,5.4,6.7
898,CHE,1991,5.6,7.1
899,CHE,1990,5.8,7.4
900,CHE,1989,6.0,7.6
901,CHE,1988,6.1,7.8
902,CHE,1987,6.2,7.9
903,CHE,1986,6.3,8.0
904,CHE,1985,6.4,8.1
905,CHE,1984,6.5,8.3
906,CHE,1983,6.6,8.5
907,CHE,1982,6.8,8.8
908,CHE,1981,7.0,9.1
909,CHE,1980,7.3,9.4
910,CHE,1979,7.6,9.9
911,CHE,1978,8.0,10.4
912,CHE,1977,8.4,11.1
913,CHE,1976,9.0,11.9
914,CHE,1975,9.6,12.7
915,CHE,1974,10.3,13.6
916,CHE,1973,10.9,14.6
917,CHE,1972,11.6,15.4
918,CHE,1971,12.2,16.2
919,CHE,1970,12.9,17.0
920,CHE,1969,13.5,17.7
921,CHE,1968,14.0,18.4
922,CHE,1967,14.6,19.1
923,CHE,1966,15.2,19.9
924,CHE,1965,15.9,20.8
925,CHE,1964,16.6,21.8
926,CHE,1963,17.3,22.6
927,CHE,1962,17.9,23.4
928,CHE,1961,18.3,24.0
929,CHE,1960,18.7,24.5
930,ITA,2021,,
931,ITA,2020,2.3,2.7
932,ITA,2019,2.4,2.8
933,ITA,2018,2.5,2.9
934,ITA,2017,2.6,3.0
935,ITA,2016,2.6,3.1
936,ITA,2015,2.7,3.2
937,ITA,2014,2.8,3.3
938,ITA,2013,2.8,3.4
939,ITA,2012,2.9,3.5
940,ITA,2011,3.0,3.6
941,ITA,2010,3.1,3.6
942,ITA,2009,3.2,3.7
943,ITA,2008,3.2,3.8
944,ITA,2007,3.3,3.9
945,ITA,2006,3.4,4.0
946,ITA,2005,3.5,4.1
947,ITA,2004,3.6,4.2
948,ITA,2003,3.8,4.4
949,ITA,2002,3.9,4.6
950,ITA,2001,4.1,4.8
951,ITA,2000,4.4,5.1
952,ITA,1999,4.6,5.4
953,ITA,1998,4.9,5.7
954,ITA,1997,5.2,6.1
955,ITA,1996,5.5,6.5
956,ITA,1995,5.8,7.0
957,ITA,1994,6.2,7.5
958,ITA,1993,6.5,8.0
959,ITA,1992,6.9,8.5
960,ITA,1991,7.2,8.8
961,ITA,1990,7.5,9.2
962,ITA,1989,7.8,9.5
963,ITA,1988,8.1,9.9
964,ITA,1987,8.5,10.4
965,ITA,1986,8.9,11.0
966,ITA,1985,9.4,11.6
967,ITA,1984,9.9,12.3
968,ITA,1983,10.6,13.1
969,ITA,1982,11.2,14.0
970,ITA,1981,11.9,14.9
971,ITA,1980,12.5,15.9
972,ITA,1979,13.3,16.8
973,ITA,1978,14.2,17.9
974,ITA,1977,15.2,19.3
975,ITA,1976,16.5,20.9
976,ITA,1975,18.1,22.8
977,ITA,1974,19.8,25.0
978,ITA,1973,21.5,27.3
979,ITA,1972,23.3,29.4
980,ITA,1971,25.0,31.2
981,ITA,1970,26.4,32.8
982,ITA,1969,27.5,34.1
983,ITA,1968,28.5,35.4
984,ITA,1967,29.5,36.6
985,ITA,1966,30.5,38.0
986,ITA,1965,31.8,39.5
987,ITA,1964,33.6,41.0
988,ITA,1963,35.3,42.9
989,ITA,1962,37.0,44.7
990,ITA,1961,38.6,46.4
991,ITA,1960,40.2,47.9
992,GBR,2021,,
993,GBR,2020,3.3,3.9
994,GBR,2019,3.3,4.0
995,GBR,2018,3.4,4.1
996,GBR,2017,3.4,4.1
997,GBR,2016,3.4,4.1
998,GBR,2015,3.4,4.2
999,GBR,2014,3.5,4.3
1000,GBR,2013,3.6,4.4
1001,GBR,2012,3.7,4.5
1002,GBR,2011,3.8,4.7
1003,GBR,2010,4.0,4.9
1004,GBR,2009,4.1,5.1
1005,GBR,2008,4.3,5.2
1006,GBR,2007,4.4,5.4
1007,GBR,2006,4.5,5.5
1008,GBR,2005,4.6,5.7
1009,GBR,2004,4.7,5.8
1010,GBR,2003,4.8,5.8
1011,GBR,2002,4.8,5.9
1012,GBR,2001,4.9,6.0
1013,GBR,2000,5.0,6.1
1014,GBR,1999,5.0,6.3
1015,GBR,1998,5.1,6.4
1016,GBR,1997,5.2,6.5
1017,GBR,1996,5.3,6.6
1018,GBR,1995,5.4,6.8
1019,GBR,1994,5.5,7.0
1020,GBR,1993,5.8,7.4
1021,GBR,1992,6.1,7.8
1022,GBR,1991,6.4,8.3
1023,GBR,1990,6.9,8.9
1024,GBR,1989,7.3,9.5
1025,GBR,1988,7.6,10.0
1026,GBR,1987,7.9,10.4
1027,GBR,1986,8.2,10.7
1028,GBR,1985,8.4,10.9
1029,GBR,1984,8.7,11.2
1030,GBR,1983,9.0,11.6
1031,GBR,1982,9.4,12.2
1032,GBR,1981,10.0,12.8
1033,GBR,1980,10.6,13.5
1034,GBR,1979,11.2,14.3
1035,GBR,1978,11.7,15.0
1036,GBR,1977,12.3,15.8
1037,GBR,1976,12.8,16.5
1038,GBR,1975,13.4,17.2
1039,GBR,1974,13.9,18.0
1040,GBR,1973,14.5,18.7
1041,GBR,1972,15.0,19.3
1042,GBR,1971,15.3,19.9
1043,GBR,1970,15.6,20.3
1044,GBR,1969,15.9,20.7
1045,GBR,1968,16.3,21.0
1046,GBR,1967,16.7,21.3
1047,GBR,1966,17.1,21.9
1048,GBR,1965,17.6,22.6
1049,GBR,1964,18.1,23.3
1050,GBR,1963,18.7,24.0
1051,GBR,1962,19.1,24.8
1052,GBR,1961,19.6,25.2
1053,GBR,1960,20.0,25.6
1054,FRA,2021,,
1055,FRA,2020,3.1,3.8
1056,FRA,2019,3.1,3.8
1057,FRA,2018,3.0,3.7
1058,FRA,2017,3.0,3.6
1059,FRA,2016,2.9,3.6
1060,FRA,2015,2.9,3.5
1061,FRA,2014,2.8,3.4
1062,FRA,2013,2.8,3.4
1063,FRA,2012,2.8,3.4
1064,FRA,2011,2.8,3.4
1065,FRA,2010,2.8,3.4
1066,FRA,2009,2.8,3.5
1067,FRA,2008,2.8,3.5
1068,FRA,2007,2.9,3.6
1069,FRA,2006,2.9,3.6
1070,FRA,2005,2.9,3.7
1071,FRA,2004,3.0,3.8
1072,FRA,2003,3.2,4.0
1073,FRA,2002,3.3,4.2
1074,FRA,2001,3.4,4.4
1075,FRA,2000,3.6,4.6
1076,FRA,1999,3.7,4.8
1077,FRA,1998,3.9,4.9
1078,FRA,1997,4.1,5.2
1079,FRA,1996,4.3,5.5
1080,FRA,1995,4.6,6.0
1081,FRA,1994,4.9,6.5
1082,FRA,1993,5.3,7.1
1083,FRA,1992,5.7,7.7
1084,FRA,1991,6.1,8.2
1085,FRA,1990,6.3,8.6
1086,FRA,1989,6.6,8.8
1087,FRA,1988,6.7,9.1
1088,FRA,1987,6.9,9.3
1089,FRA,1986,7.1,9.4
1090,FRA,1985,7.3,9.7
1091,FRA,1984,7.6,10.0
1092,FRA,1983,7.8,10.3
1093,FRA,1982,8.1,10.7
1094,FRA,1981,8.3,11.1
1095,FRA,1980,8.6,11.5
1096,FRA,1979,9.0,11.9
1097,FRA,1978,9.4,12.4
1098,FRA,1977,9.8,12.9
1099,FRA,1976,10.2,13.4
1100,FRA,1975,10.6,13.9
1101,FRA,1974,11.0,14.3
1102,FRA,1973,11.4,14.7
1103,FRA,1972,11.9,15.3
1104,FRA,1971,12.5,16.1
1105,FRA,1970,13.1,17.0
1106,FRA,1969,13.7,17.8
1107,FRA,1968,14.4,18.5
1108,FRA,1967,14.9,19.3
1109,FRA,1966,15.4,20.2
1110,FRA,1965,16.1,20.9
1111,FRA,1964,16.8,21.9
1112,FRA,1963,17.6,23.0
1113,FRA,1962,18.4,24.2
1114,FRA,1961,19.4,25.3
1115,FRA,1960,20.4,26.7
1116,ESP,2021,,
1117,ESP,2020,2.5,3.0
1118,ESP,2019,2.5,3.0
1119,ESP,2018,2.5,2.9
1120,ESP,2017,2.5,2.9
1121,ESP,2016,2.5,3.0
1122,ESP,2015,2.5,3.0
1123,ESP,2014,2.5,3.0
1124,ESP,2013,2.6,3.1
1125,ESP,2012,2.7,3.2
1126,ESP,2011,2.8,3.3
1127,ESP,2010,2.9,3.4
1128,ESP,2009,3.0,3.5
1129,ESP,2008,3.1,3.7
1130,ESP,2007,3.2,3.9
1131,ESP,2006,3.3,4.0
1132,ESP,2005,3.5,4.2
1133,ESP,2004,3.6,4.3
1134,ESP,2003,3.7,4.4
1135,ESP,2002,3.8,4.5
1136,ESP,2001,3.9,4.6
1137,ESP,2000,4.0,4.8
1138,ESP,1999,4.1,4.9
1139,ESP,1998,4.3,5.1
1140,ESP,1997,4.5,5.4
1141,ESP,1996,4.7,5.7
1142,ESP,1995,5.0,6.1
1143,ESP,1994,5.3,6.5
1144,ESP,1993,5.7,7.0
1145,ESP,1992,6.0,7.4
1146,ESP,1991,6.4,7.8
1147,ESP,1990,6.7,8.2
1148,ESP,1989,6.9,8.6
1149,ESP,1988,7.2,8.9
1150,ESP,1987,7.5,9.3
1151,ESP,1986,7.7,9.7
1152,ESP,1985,8.1,10.2
1153,ESP,1984,8.5,10.7
1154,ESP,1983,9.0,11.3
1155,ESP,1982,9.5,12.0
1156,ESP,1981,10.0,12.9
1157,ESP,1980,10.8,13.9
1158,ESP,1979,11.7,15.0
1159,ESP,1978,12.8,16.2
1160,ESP,1977,13.9,17.5
1161,ESP,1976,15.0,19.1
1162,ESP,1975,16.2,20.6
1163,ESP,1974,17.6,22.3
1164,ESP,1973,,
1165,ESP,1972,,
1166,ESP,1971,,
1167,ESP,1970,,
1168,ESP,1969,,
1169,ESP,1968,,
1170,ESP,1967,,
1171,ESP,1966,,
1172,ESP,1965,,
1173,ESP,1964,,
1174,ESP,1963,,
1175,ESP,1962,,
1176,ESP,1961,,
1177,ESP,1960,,
1178,BEL,2021,,
1179,BEL,2020,3.0,3.8
1180,BEL,2019,3.0,3.8
1181,BEL,2018,3.0,3.8
1182,BEL,2017,2.9,3.7
1183,BEL,2016,2.9,3.7
1184,BEL,2015,2.9,3.7
1185,BEL,2014,2.9,3.7
1186,BEL,2013,3.0,3.8
1187,BEL,2012,3.0,3.9
1188,BEL,2011,3.1,4.0
1189,BEL,2010,3.2,4.1
1190,BEL,2009,3.3,4.1
1191,BEL,2008,3.3,4.2
1192,BEL,2007,3.4,4.3
1193,BEL,2006,3.5,4.4
1194,BEL,2005,3.6,4.5
1195,BEL,2004,3.7,4.6
1196,BEL,2003,3.8,4.8
1197,BEL,2002,3.9,5.0
1198,BEL,2001,4.0,5.1
1199,BEL,2000,4.2,5.3
1200,BEL,1999,4.4,5.6
1201,BEL,1998,4.5,5.8
1202,BEL,1997,4.8,6.2
1203,BEL,1996,5.1,6.6
1204,BEL,1995,5.5,7.2
1205,BEL,1994,5.9,7.8
1206,BEL,1993,6.3,8.3
1207,BEL,1992,6.6,8.8
1208,BEL,1991,6.9,9.2
1209,BEL,1990,7.1,9.5
1210,BEL,1989,7.3,9.8
1211,BEL,1988,7.6,10.2
1212,BEL,1987,7.9,10.5
1213,BEL,1986,8.1,10.9
1214,BEL,1985,8.4,11.2
1215,BEL,1984,8.7,11.6
1216,BEL,1983,9.1,12.2
1217,BEL,1982,9.5,12.7
1218,BEL,1981,10.0,13.4
1219,BEL,1980,10.5,13.9
1220,BEL,1979,11.0,14.6
1221,BEL,1978,11.5,15.3
1222,BEL,1977,12.1,16.0
1223,BEL,1976,12.8,16.9
1224,BEL,1975,13.5,17.8
1225,BEL,1974,14.4,18.9
1226,BEL,1973,15.3,20.0
1227,BEL,1972,16.2,21.2
1228,BEL,1971,16.9,22.4
1229,BEL,1970,17.6,23.4
1230,BEL,1969,18.2,24.2
1231,BEL,1968,18.8,24.8
1232,BEL,1967,19.4,25.4
1233,BEL,1966,20.2,26.1
1234,BEL,1965,21.0,26.9
1235,BEL,1964,21.8,28.0
1236,BEL,1963,22.7,29.1
1237,BEL,1962,23.6,30.3
1238,BEL,1961,24.4,31.6
1239,BEL,1960,25.4,33.1
1240,DEU,2021,,
1241,DEU,2020,2.9,3.3
1242,DEU,2019,2.9,3.4
1243,DEU,2018,2.9,3.5
1244,DEU,2017,3.0,3.5
1245,DEU,2016,3.0,3.6
1246,DEU,2015,3.0,3.6
1247,DEU,2014,3.0,3.6
1248,DEU,2013,3.0,3.6
1249,DEU,2012,3.1,3.7
1250,DEU,2011,3.1,3.7
1251,DEU,2010,3.1,3.8
1252,DEU,2009,3.2,3.9
1253,DEU,2008,3.2,4.0
1254,DEU,2007,3.3,4.1
1255,DEU,2006,3.4,4.2
1256,DEU,2005,3.5,4.3
1257,DEU,2004,3.6,4.4
1258,DEU,2003,3.7,4.5
1259,DEU,2002,3.7,4.6
1260,DEU,2001,3.8,4.7
1261,DEU,2000,3.9,4.8
1262,DEU,1999,4.0,5.0
1263,DEU,1998,4.1,5.2
1264,DEU,1997,4.3,5.4
1265,DEU,1996,4.4,5.6
1266,DEU,1995,4.6,5.9
1267,DEU,1994,4.9,6.2
1268,DEU,1993,5.1,6.5
1269,DEU,1992,5.4,6.9
1270,DEU,1991,5.7,7.4
1271,DEU,1990,6.0,7.9
1272,DEU,1989,6.4,8.4
1273,DEU,1988,6.7,8.9
1274,DEU,1987,7.1,9.4
1275,DEU,1986,7.6,9.9
1276,DEU,1985,8.0,10.4
1277,DEU,1984,8.5,11.0
1278,DEU,1983,9.0,11.6
1279,DEU,1982,9.6,12.4
1280,DEU,1981,10.2,13.3
1281,DEU,1980,10.9,14.2
1282,DEU,1979,11.6,15.2
1283,DEU,1978,12.4,16.3
1284,DEU,1977,13.4,17.5
1285,DEU,1976,14.3,18.8
1286,DEU,1975,15.2,20.0
1287,DEU,1974,16.1,21.3
1288,DEU,1973,16.9,22.4
1289,DEU,1972,17.7,23.3
1290,DEU,1971,18.4,24.1
1291,DEU,1970,19.0,25.0
1292,DEU,1969,19.6,25.7
1293,DEU,1968,20.2,26.5
1294,DEU,1967,,
1295,DEU,1966,,
1296,DEU,1965,,
1297,DEU,1964,,
1298,DEU,1963,,
1299,DEU,1962,,
1300,DEU,1961,,
1301,DEU,1960,,
1302,VEN,2021,,
1303,VEN,2020,19.2,22.8
1304,VEN,2019,19.2,22.9
1305,VEN,2018,19.2,22.8
1306,VEN,2017,19.2,22.9
1307,VEN,2016,19.2,22.8
1308,VEN,2015,14.6,18.2
1309,VEN,2014,13.6,17.2
1310,VEN,2013,13.4,16.8
1311,VEN,2012,13.1,16.6
1312,VEN,2011,13.0,16.4
1313,VEN,2010,12.9,16.3
1314,VEN,2009,12.9,16.3
1315,VEN,2008,12.9,16.5
1316,VEN,2007,13.1,16.8
1317,VEN,2006,13.4,17.2
1318,VEN,2005,13.9,17.7
1319,VEN,2004,14.4,18.3
1320,VEN,2003,14.9,18.8
1321,VEN,2002,15.4,19.3
1322,VEN,2001,15.6,19.9
1323,VEN,2000,16.0,20.6
1324,VEN,1999,30.6,35.3
1325,VEN,1998,17.4,22.3
1326,VEN,1997,18.2,23.2
1327,VEN,1996,18.9,24.0
1328,VEN,1995,19.5,24.6
1329,VEN,1994,20.0,24.9
1330,VEN,1993,20.5,25.1
1331,VEN,1992,20.8,25.6
1332,VEN,1991,21.2,26.4
1333,VEN,1990,21.9,27.3
1334,VEN,1989,22.8,28.4
1335,VEN,1988,23.7,29.5
1336,VEN,1987,24.6,30.7
1337,VEN,1986,25.5,31.8
1338,VEN,1985,26.4,32.9
1339,VEN,1984,27.3,33.9
1340,VEN,1983,28.2,35.1
1341,VEN,1982,29.2,36.3
1342,VEN,1981,30.3,37.6
1343,VEN,1980,31.4,39.0
1344,VEN,1979,32.7,40.5
1345,VEN,1978,33.9,42.0
1346,VEN,1977,35.1,43.5
1347,VEN,1976,36.3,44.9
1348,VEN,1975,37.4,46.3
1349,VEN,1974,38.5,47.6
1350,VEN,1973,39.6,49.0
1351,VEN,1972,40.7,50.4
1352,VEN,1971,41.9,51.8
1353,VEN,1970,42.9,53.2
1354,VEN,1969,43.9,54.4
1355,VEN,1968,44.7,55.4
1356,VEN,1967,45.5,56.4
1357,VEN,1966,46.3,57.3
1358,VEN,1965,47.0,58.2
1359,VEN,1964,47.8,59.2
1360,VEN,1963,48.7,60.4
1361,VEN,1962,49.8,61.8
1362,VEN,1961,51.1,63.3
1363,VEN,1960,52.6,65.1
1364,PAN,2021,,
1365,PAN,2020,11.0,13.6
1366,PAN,2019,11.4,14.1
1367,PAN,2018,11.8,14.6
1368,PAN,2017,12.2,15.2
1369,PAN,2016,12.6,15.6
1370,PAN,2015,13.0,16.2
1371,PAN,2014,13.4,16.7
1372,PAN,2013,13.8,17.2
1373,PAN,2012,14.2,17.7
1374,PAN,2011,14.6,18.3
1375,PAN,2010,15.1,18.8
1376,PAN,2009,15.5,19.3
1377,PAN,2008,16.0,19.9
1378,PAN,2007,16.4,20.5
1379,PAN,2006,16.9,21.0
1380,PAN,2005,17.3,21.5
1381,PAN,2004,17.7,22.1
1382,PAN,2003,18.2,22.6
1383,PAN,2002,18.6,23.2
1384,PAN,2001,19.0,23.7
1385,PAN,2000,19.5,24.2
1386,PAN,1999,19.8,24.7
1387,PAN,1998,20.2,25.1
1388,PAN,1997,20.5,25.5
1389,PAN,1996,20.8,25.8
1390,PAN,1995,21.1,26.2
1391,PAN,1994,21.4,26.6
1392,PAN,1993,21.7,27.0
1393,PAN,1992,22.1,27.4
1394,PAN,1991,22.6,28.0
1395,PAN,1990,23.2,28.7
1396,PAN,1989,23.8,29.4
1397,PAN,1988,24.4,30.3
1398,PAN,1987,25.2,31.1
1399,PAN,1986,26.0,32.0
1400,PAN,1985,26.8,33.0
1401,PAN,1984,27.7,34.1
1402,PAN,1983,28.7,35.2
1403,PAN,1982,29.6,36.3
1404,PAN,1981,30.6,37.5
1405,PAN,1980,31.6,38.6
1406,PAN,1979,32.5,39.7
1407,PAN,1978,33.5,40.9
1408,PAN,1977,34.5,42.1
1409,PAN,1976,35.7,43.5
1410,PAN,1975,37.0,45.0
1411,PAN,1974,38.5,46.7
1412,PAN,1973,40.2,48.6
1413,PAN,1972,42.0,50.7
1414,PAN,1971,43.9,52.8
1415,PAN,1970,45.7,54.7
1416,PAN,1969,47.3,56.6
1417,PAN,1968,48.9,58.3
1418,PAN,1967,50.3,59.9
1419,PAN,1966,51.8,61.5
1420,PAN,1965,53.1,63.1
1421,PAN,1964,54.6,64.7
1422,PAN,1963,56.1,66.5
1423,PAN,1962,57.6,68.3
1424,PAN,1961,59.3,70.2
1425,PAN,1960,60.9,72.0
1426,URY,2021,,
1427,URY,2020,4.8,5.9
1428,URY,2019,5.1,6.4
1429,URY,2018,5.6,6.9
1430,URY,2017,6.0,7.5
1431,URY,2016,6.4,8.0
1432,URY,2015,6.7,8.5
1433,URY,2014,7.1,8.9
1434,URY,2013,7.3,9.3
1435,URY,2012,7.6,9.6
1436,URY,2011,7.9,9.9
1437,URY,2010,8.2,10.3
1438,URY,2009,8.6,10.8
1439,URY,2008,9.1,11.4
1440,URY,2007,9.7,12.2
1441,URY,2006,10.3,13.0
1442,URY,2005,11.0,13.9
1443,URY,2004,11.6,14.7
1444,URY,2003,12.0,15.3
1445,URY,2002,12.4,15.7
1446,URY,2001,12.6,16.1
1447,URY,2000,13.0,16.6
1448,URY,1999,13.4,17.1
1449,URY,1998,13.9,17.9
1450,URY,1997,14.6,18.7
1451,URY,1996,15.1,19.5
1452,URY,1995,15.6,20.1
1453,URY,1994,16.0,20.6
1454,URY,1993,16.4,20.9
1455,URY,1992,16.7,21.2
1456,URY,1991,17.2,21.7
1457,URY,1990,17.7,22.4
1458,URY,1989,18.5,23.3
1459,URY,1988,19.3,24.5
1460,URY,1987,20.4,25.7
1461,URY,1986,21.3,26.9
1462,URY,1985,22.1,27.9
1463,URY,1984,23.0,29.0
1464,URY,1983,24.1,30.3
1465,URY,1982,25.7,32.3
1466,URY,1981,28.0,35.0
1467,URY,1980,31.2,38.7
1468,URY,1979,34.8,42.9
1469,URY,1978,38.4,47.1
1470,URY,1977,41.5,50.5
1471,URY,1976,43.2,53.0
1472,URY,1975,43.7,53.9
1473,URY,1974,43.2,53.8
1474,URY,1973,42.5,53.1
1475,URY,1972,41.8,52.4
1476,URY,1971,41.6,52.4
1477,URY,1970,42.2,53.4
1478,URY,1969,43.1,54.6
1479,URY,1968,44.0,55.6
1480,URY,1967,44.7,56.2
1481,URY,1966,45.1,56.7
1482,URY,1965,45.3,57.3
1483,URY,1964,45.7,57.8
1484,URY,1963,46.6,58.8
1485,URY,1962,47.9,60.0
1486,URY,1961,49.3,61.3
1487,URY,1960,50.6,62.3
1488,USA,2021,,
1489,USA,2020,4.9,5.9
1490,USA,2019,5.0,6.0
1491,USA,2018,5.0,6.1
1492,USA,2017,5.1,6.2
1493,USA,2016,5.2,6.2
1494,USA,2015,5.3,6.3
1495,USA,2014,5.3,6.4
1496,USA,2013,5.4,6.5
1497,USA,2012,5.5,6.6
1498,USA,2011,5.6,6.7
1499,USA,2010,5.7,6.8
1500,USA,2009,5.7,7.0
1501,USA,2008,5.8,7.1
1502,USA,2007,5.9,7.2
1503,USA,2006,6.0,7.3
1504,USA,2005,6.0,7.4
1505,USA,2004,6.1,7.5
1506,USA,2003,6.1,7.6
1507,USA,2002,6.2,7.6
1508,USA,2001,6.3,7.7
1509,USA,2000,6.4,7.8
1510,USA,1999,6.5,7.9
1511,USA,1998,6.6,8.0
1512,USA,1997,6.7,8.2
1513,USA,1996,6.9,8.4
1514,USA,1995,7.1,8.7
1515,USA,1994,7.3,9.0
1516,USA,1993,7.6,9.4
1517,USA,1992,7.8,9.7
1518,USA,1991,8.0,10.1
1519,USA,1990,8.3,10.4
1520,USA,1989,8.6,10.7
1521,USA,1988,8.8,11.0
1522,USA,1987,9.0,11.3
1523,USA,1986,9.2,11.6
1524,USA,1985,9.4,11.9
1525,USA,1984,9.7,12.1
1526,USA,1983,10.0,12.4
1527,USA,1982,10.3,12.9
1528,USA,1981,10.8,13.4
1529,USA,1980,11.2,14.0
1530,USA,1979,11.7,14.6
1531,USA,1978,12.2,15.3
1532,USA,1977,12.8,16.1
1533,USA,1976,13.4,16.8
1534,USA,1975,14.0,17.7
1535,USA,1974,14.6,18.7
1536,USA,1973,15.3,19.6
1537,USA,1972,15.9,20.6
1538,USA,1971,16.6,21.4
1539,USA,1970,17.3,22.3
1540,USA,1969,17.9,23.2
1541,USA,1968,18.5,24.0
1542,USA,1967,19.1,24.8
1543,USA,1966,19.7,25.5
1544,USA,1965,20.2,26.1
1545,USA,1964,20.8,26.8
1546,USA,1963,21.1,27.5
1547,USA,1962,21.6,28.1
1548,USA,1961,22.0,28.6
1549,USA,1960,22.4,29.2
1550,ECU,2021,,
1551,ECU,2020,9.8,12.4
1552,ECU,2019,10.1,12.9
1553,ECU,2018,10.5,13.4
1554,ECU,2017,10.8,13.8
1555,ECU,2016,11.2,14.3
1556,ECU,2015,11.6,14.8
1557,ECU,2014,12.0,15.4
1558,ECU,2013,12.5,16.0
1559,ECU,2012,13.0,16.7
1560,ECU,2011,13.5,17.5
1561,ECU,2010,14.1,18.3
1562,ECU,2009,14.8,19.1
1563,ECU,2008,15.4,19.9
1564,ECU,2007,16.0,20.8
1565,ECU,2006,16.6,21.6
1566,ECU,2005,17.3,22.4
1567,ECU,2004,17.9,23.2
1568,ECU,2003,18.6,24.2
1569,ECU,2002,19.4,25.2
1570,ECU,2001,20.3,26.4
1571,ECU,2000,21.4,27.7
1572,ECU,1999,22.6,29.3
1573,ECU,1998,23.9,31.0
1574,ECU,1997,25.4,32.9
1575,ECU,1996,27.0,34.9
1576,ECU,1995,28.7,37.0
1577,ECU,1994,30.4,39.2
1578,ECU,1993,32.1,41.3
1579,ECU,1992,33.8,43.3
1580,ECU,1991,35.4,45.3
1581,ECU,1990,37.0,47.3
1582,ECU,1989,38.7,49.3
1583,ECU,1988,40.4,51.3
1584,ECU,1987,42.2,53.5
1585,ECU,1986,44.2,55.9
1586,ECU,1985,46.4,58.5
1587,ECU,1984,48.7,61.3
1588,ECU,1983,51.2,64.2
1589,ECU,1982,53.9,67.4
1590,ECU,1981,56.5,70.5
1591,ECU,1980,59.1,73.5
1592,ECU,1979,61.7,76.6
1593,ECU,1978,64.3,79.7
1594,ECU,1977,66.9,82.9
1595,ECU,1976,69.7,86.3
1596,ECU,1975,72.7,90.0
1597,ECU,1974,75.8,93.6
1598,ECU,1973,78.7,97.0
1599,ECU,1972,81.3,100.0
1600,ECU,1971,83.6,102.7
1601,ECU,1970,85.5,104.9
1602,ECU,1969,87.1,106.9
1603,ECU,1968,88.8,108.7
1604,ECU,1967,90.6,110.5
1605,ECU,1966,92.4,112.6
1606,ECU,1965,94.4,114.8
1607,ECU,1964,96.7,117.3
1608,ECU,1963,99.2,120.0
1609,ECU,1962,101.9,122.9
1610,ECU,1961,104.8,125.8
1611,ECU,1960,107.8,129.2
1612,MEX,2021,,
1613,MEX,2020,10.6,12.9
1614,MEX,2019,10.9,13.4
1615,MEX,2018,11.3,13.8
1616,MEX,2017,11.7,14.3
1617,MEX,2016,12.1,14.8
1618,MEX,2015,12.5,15.3
1619,MEX,2014,12.9,15.9
1620,MEX,2013,13.3,16.4
1621,MEX,2012,13.8,16.9
1622,MEX,2011,14.3,17.4
1623,MEX,2010,14.7,18.0
1624,MEX,2009,15.2,18.7
1625,MEX,2008,15.7,19.3
1626,MEX,2007,16.2,20.0
1627,MEX,2006,16.8,20.7
1628,MEX,2005,17.4,21.5
1629,MEX,2004,18.0,22.3
1630,MEX,2003,18.8,23.2
1631,MEX,2002,19.5,24.1
1632,MEX,2001,20.3,25.1
1633,MEX,2000,21.2,26.2
1634,MEX,1999,22.2,27.3
1635,MEX,1998,23.2,28.5
1636,MEX,1997,24.2,29.7
1637,MEX,1996,25.3,31.0
1638,MEX,1995,26.5,32.3
1639,MEX,1994,27.6,33.6
1640,MEX,1993,28.8,35.1
1641,MEX,1992,30.1,36.5
1642,MEX,1991,31.4,38.1
1643,MEX,1990,32.7,39.7
1644,MEX,1989,34.2,41.3
1645,MEX,1988,35.6,43.0
1646,MEX,1987,37.1,44.8
1647,MEX,1986,38.6,46.5
1648,MEX,1985,40.2,48.4
1649,MEX,1984,41.9,50.3
1650,MEX,1983,43.6,52.3
1651,MEX,1982,45.4,54.4
1652,MEX,1981,47.2,56.5
1653,MEX,1980,49.1,58.6
1654,MEX,1979,51.0,60.8
1655,MEX,1978,52.9,63.1
1656,MEX,1977,54.8,65.4
1657,MEX,1976,56.8,67.7
1658,MEX,1975,58.8,70.0
1659,MEX,1974,60.9,72.4
1660,MEX,1973,63.0,74.8
1661,MEX,1972,65.2,77.3
1662,MEX,1971,67.5,79.8
1663,MEX,1970,69.8,82.4
1664,MEX,1969,72.2,85.0
1665,MEX,1968,74.6,87.8
1666,MEX,1967,77.0,90.6
1667,MEX,1966,79.6,93.5
1668,MEX,1965,82.2,96.5
1669,MEX,1964,85.0,99.7
1670,MEX,1963,88.0,103.2
1671,MEX,1962,91.3,106.8
1672,MEX,1961,94.9,110.6
1673,MEX,1960,98.6,114.7
1674,CHL,2021,,
1675,CHL,2020,5.3,6.3
1676,CHL,2019,5.5,6.5
1677,CHL,2018,5.6,6.7
1678,CHL,2017,5.8,6.9
1679,CHL,2016,6.0,7.1
1680,CHL,2015,6.1,7.3
1681,CHL,2014,6.3,7.5
1682,CHL,2013,6.4,7.6
1683,CHL,2012,6.6,7.8
1684,CHL,2011,6.7,7.9
1685,CHL,2010,6.8,8.0
1686,CHL,2009,6.8,8.2
1687,CHL,2008,6.9,8.2
1688,CHL,2007,6.8,8.3
1689,CHL,2006,6.9,8.3
1690,CHL,2005,7.0,8.5
1691,CHL,2004,7.1,8.6
1692,CHL,2003,7.3,8.8
1693,CHL,2002,7.5,9.1
1694,CHL,2001,7.9,9.5
1695,CHL,2000,8.4,10.1
1696,CHL,1999,8.8,10.7
1697,CHL,1998,9.2,11.1
1698,CHL,1997,9.4,11.3
1699,CHL,1996,9.6,11.6
1700,CHL,1995,10.1,12.1
1701,CHL,1994,10.7,12.8
1702,CHL,1993,11.5,13.8
1703,CHL,1992,12.4,15.0
1704,CHL,1991,13.5,16.3
1705,CHL,1990,14.5,17.7
1706,CHL,1989,15.5,18.9
1707,CHL,1988,16.2,19.8
1708,CHL,1987,16.6,20.3
1709,CHL,1986,16.8,20.6
1710,CHL,1985,17.0,20.7
1711,CHL,1984,17.4,21.3
1712,CHL,1983,18.6,22.8
1713,CHL,1982,20.5,25.0
1714,CHL,1981,22.7,27.6
1715,CHL,1980,24.9,30.5
1716,CHL,1979,27.6,34.0
1717,CHL,1978,31.5,38.9
1718,CHL,1977,36.9,44.9
1719,CHL,1976,43.1,51.8
1720,CHL,1975,48.9,59.0
1721,CHL,1974,54.2,64.9
1722,CHL,1973,57.7,68.8
1723,CHL,1972,59.7,70.5
1724,CHL,1971,60.9,71.0
1725,CHL,1970,61.5,72.1
1726,CHL,1969,63.4,73.9
1727,CHL,1968,66.7,78.2
1728,CHL,1967,72.3,84.8
1729,CHL,1966,79.9,93.5
1730,CHL,1965,89.2,103.5
1731,CHL,1964,98.3,113.4
1732,CHL,1963,105.0,121.3
1733,CHL,1962,109.6,127.0
1734,CHL,1961,114.9,132.4
1735,CHL,1960,121.7,139.8
1736,CAN,2021,,
1737,CAN,2020,4.0,4.7
1738,CAN,2019,4.1,4.8
1739,CAN,2018,4.2,4.8
1740,CAN,2017,4.2,4.9
1741,CAN,2016,4.3,4.9
1742,CAN,2015,4.3,5.0
1743,CAN,2014,4.4,5.1
1744,CAN,2013,4.4,5.1
1745,CAN,2012,4.5,5.2
1746,CAN,2011,4.5,5.3
1747,CAN,2010,4.6,5.3
1748,CAN,2009,4.6,5.4
1749,CAN,2008,4.7,5.5
1750,CAN,2007,4.7,5.5
1751,CAN,2006,4.8,5.6
1752,CAN,2005,4.8,5.6
1753,CAN,2004,4.8,5.7
1754,CAN,2003,4.8,5.7
1755,CAN,2002,4.8,5.7
1756,CAN,2001,4.8,5.7
1757,CAN,2000,4.8,5.7
1758,CAN,1999,4.8,5.8
1759,CAN,1998,4.9,5.9
1760,CAN,1997,4.9,6.0
1761,CAN,1996,5.1,6.2
1762,CAN,1995,5.2,6.3
1763,CAN,1994,5.3,6.6
1764,CAN,1993,5.5,6.8
1765,CAN,1992,5.7,7.0
1766,CAN,1991,5.9,7.3
1767,CAN,1990,6.0,7.5
1768,CAN,1989,6.2,7.8
1769,CAN,1988,6.4,8.1
1770,CAN,1987,6.6,8.4
1771,CAN,1986,6.8,8.6
1772,CAN,1985,7.1,8.9
1773,CAN,1984,7.4,9.2
1774,CAN,1983,7.7,9.7
1775,CAN,1982,8.1,10.2
1776,CAN,1981,8.6,10.8
1777,CAN,1980,9.1,11.5
1778,CAN,1979,9.7,12.3
1779,CAN,1978,10.4,13.0
1780,CAN,1977,11.1,13.9
1781,CAN,1976,11.8,14.8
1782,CAN,1975,12.5,15.7
1783,CAN,1974,13.2,16.7
1784,CAN,1973,13.9,17.7
1785,CAN,1972,14.7,18.7
1786,CAN,1971,15.4,19.8
1787,CAN,1970,16.2,20.7
1788,CAN,1969,17.0,21.7
1789,CAN,1968,17.9,22.6
1790,CAN,1967,18.7,23.5
1791,CAN,1966,19.4,24.6
1792,CAN,1965,20.2,25.7
1793,CAN,1964,21.0,26.9
1794,CAN,1963,21.9,28.0
1795,CAN,1962,22.8,29.0
1796,CAN,1961,23.5,30.1
1797,CAN,1960,24.2,31.2
1798,COL,2021,,
1799,COL,2020,10.1,12.6
1800,COL,2019,10.4,13.0
1801,COL,2018,10.7,13.4
1802,COL,2017,11.1,13.9
1803,COL,2016,11.4,14.4
1804,COL,2015,11.8,14.8
1805,COL,2014,12.2,15.3
1806,COL,2013,12.6,15.8
1807,COL,2012,13.0,16.4
1808,COL,2011,13.4,16.9
1809,COL,2010,13.9,17.5
1810,COL,2009,14.3,18.0
1811,COL,2008,14.8,18.6
1812,COL,2007,15.2,19.2
1813,COL,2006,15.7,19.8
1814,COL,2005,16.1,20.4
1815,COL,2004,16.6,21.0
1816,COL,2003,17.0,21.7
1817,COL,2002,17.5,22.3
1818,COL,2001,18.0,23.0
1819,COL,2000,18.5,23.7
1820,COL,1999,19.1,24.4
1821,COL,1998,19.7,25.2
1822,COL,1997,20.4,26.1
1823,COL,1996,21.1,27.0
1824,COL,1995,21.8,27.9
1825,COL,1994,22.6,28.8
1826,COL,1993,23.3,29.7
1827,COL,1992,24.1,30.7
1828,COL,1991,24.9,31.6
1829,COL,1990,25.7,32.6
1830,COL,1989,26.5,33.5
1831,COL,1988,27.4,34.6
1832,COL,1987,28.5,35.8
1833,COL,1986,29.6,37.2
1834,COL,1985,30.9,38.8
1835,COL,1984,32.4,40.7
1836,COL,1983,34.0,42.8
1837,COL,1982,35.8,45.0
1838,COL,1981,37.9,47.5
1839,COL,1980,40.0,50.0
1840,COL,1979,42.3,52.7
1841,COL,1978,44.7,55.5
1842,COL,1977,47.1,58.3
1843,COL,1976,49.6,61.1
1844,COL,1975,52.0,63.9
1845,COL,1974,54.5,66.6
1846,COL,1973,56.9,69.3
1847,COL,1972,59.2,71.9
1848,COL,1971,61.4,74.3
1849,COL,1970,63.6,76.8
1850,COL,1969,65.8,79.1
1851,COL,1968,67.9,81.5
1852,COL,1967,70.0,83.8
1853,COL,1966,72.0,86.1
1854,COL,1965,74.1,88.4
1855,COL,1964,76.2,90.7
1856,COL,1963,78.5,93.2
1857,COL,1962,80.8,95.9
1858,COL,1961,83.3,98.6
1859,COL,1960,85.9,101.4
1860,BRA,2021,,
1861,BRA,2020,11.6,14.6
1862,BRA,2019,11.7,14.9
1863,BRA,2018,11.9,15.1
1864,BRA,2017,12.1,15.3
1865,BRA,2016,13.3,16.6
1866,BRA,2015,12.5,15.9
1867,BRA,2014,12.8,16.3
1868,BRA,2013,13.1,16.7
1869,BRA,2012,13.5,17.2
1870,BRA,2011,14.0,17.8
1871,BRA,2010,14.6,18.6
1872,BRA,2009,15.3,19.5
1873,BRA,2008,16.1,20.6
1874,BRA,2007,17.1,21.7
1875,BRA,2006,18.1,23.1
1876,BRA,2005,19.3,24.6
1877,BRA,2004,20.6,26.3
1878,BRA,2003,22.0,28.0
1879,BRA,2002,23.6,29.8
1880,BRA,2001,25.1,31.8
1881,BRA,2000,26.8,33.8
1882,BRA,1999,28.5,35.9
1883,BRA,1998,30.3,38.1
1884,BRA,1997,32.3,40.5
1885,BRA,1996,34.3,42.9
1886,BRA,1995,36.4,45.5
1887,BRA,1994,38.7,48.1
1888,BRA,1993,40.9,50.8
1889,BRA,1992,43.0,53.4
1890,BRA,1991,45.1,55.8
1891,BRA,1990,47.0,58.0
1892,BRA,1989,48.9,60.2
1893,BRA,1988,50.7,62.2
1894,BRA,1987,52.4,64.4
1895,BRA,1986,54.3,66.7
1896,BRA,1985,56.2,69.1
1897,BRA,1984,58.3,71.8
1898,BRA,1983,60.6,74.5
1899,BRA,1982,63.1,77.6
1900,BRA,1981,65.7,81.0
1901,BRA,1980,68.4,84.4
1902,BRA,1979,71.0,87.8
1903,BRA,1978,73.6,91.2
1904,BRA,1977,76.0,94.2
1905,BRA,1976,78.3,97.2
1906,BRA,1975,80.4,99.9
1907,BRA,1974,82.4,102.6
1908,BRA,1973,84.5,105.3
1909,BRA,1972,86.6,107.8
1910,BRA,1971,88.8,110.5
1911,BRA,1970,90.9,113.1
1912,BRA,1969,93.0,115.6
1913,BRA,1968,95.0,118.1
1914,BRA,1967,97.0,120.4
1915,BRA,1966,99.1,122.6
1916,BRA,1965,101.3,125.0
1917,BRA,1964,103.6,127.6
1918,BRA,1963,106.2,130.4
1919,BRA,1962,109.0,133.5
1920,BRA,1961,112.0,136.7
1921,BRA,1960,115.0,140.0
1922,ARG,2021,,
1923,ARG,2020,6.6,8.6
1924,ARG,2019,7.0,9.2
1925,ARG,2018,7.5,9.7
1926,ARG,2017,8.1,10.2
1927,ARG,2016,8.6,10.7
1928,ARG,2015,9.2,11.3
1929,ARG,2014,9.7,11.8
1930,ARG,2013,10.2,12.4
1931,ARG,2012,10.7,13.0
1932,ARG,2011,11.1,13.6
1933,ARG,2010,11.5,14.2
1934,ARG,2009,11.9,14.7
1935,ARG,2008,12.2,15.1
1936,ARG,2007,12.5,15.5
1937,ARG,2006,12.8,15.9
1938,ARG,2005,13.1,16.3
1939,ARG,2004,13.6,16.8
1940,ARG,2003,14.2,17.4
1941,ARG,2002,14.7,18.0
1942,ARG,2001,15.1,18.7
1943,ARG,2000,15.6,19.4
1944,ARG,1999,16.1,20.1
1945,ARG,1998,16.7,21.0
1946,ARG,1997,17.5,21.8
1947,ARG,1996,18.2,22.8
1948,ARG,1995,19.0,23.7
1949,ARG,1994,19.9,24.8
1950,ARG,1993,20.8,25.7
1951,ARG,1992,21.6,26.6
1952,ARG,1991,22.1,27.5
1953,ARG,1990,22.5,28.0
1954,ARG,1989,22.6,28.3
1955,ARG,1988,22.5,28.4
1956,ARG,1987,22.8,28.5
1957,ARG,1986,23.2,28.9
1958,ARG,1985,23.9,29.8
1959,ARG,1984,25.1,31.2
1960,ARG,1983,26.4,33.3
1961,ARG,1982,28.3,35.3
1962,ARG,1981,30.5,37.7
1963,ARG,1980,32.9,40.7
1964,ARG,1979,36.1,44.0
1965,ARG,1978,39.7,47.4
1966,ARG,1977,43.0,50.9
1967,ARG,1976,46.0,54.1
1968,ARG,1975,48.6,56.7
1969,ARG,1974,50.7,58.8
1970,ARG,1973,52.3,60.3
1971,ARG,1972,53.5,61.3
1972,ARG,1971,54.4,62.0
1973,ARG,1970,55.2,62.5
1974,ARG,1969,55.7,63.1
1975,ARG,1968,,
1976,ARG,1967,,
1977,ARG,1966,,
1978,ARG,1965,,
1979,ARG,1964,,
1980,ARG,1963,,
1981,ARG,1962,,
1982,ARG,1961,,
1983,ARG,1960,,
